filename,vector,funcion_principal,case_unit_id,contribution
Mensaje Presidencial 2019.txt,tecnocracia,tiempo,ALBERTOF_2019_2023,0.0
Mensaje Presidencial 2019.txt,tecnocracia,problema,ALBERTOF_2019_2023,0.7370000000000001
Mensaje Presidencial 2019.txt,tecnocracia,autoridad,ALBERTOF_2019_2023,0.0
Mensaje Presidencial 2019.txt,tecnocracia,sujeto_enemigo,ALBERTOF_2019_2023,0.0
Mensaje Presidencial 2019.txt,tecnocracia,telos,ALBERTOF_2019_2023,0.0
Mensaje Presidencial 2019.txt,tecnocracia,sacrificio,ALBERTOF_2019_2023,0.0
Mensaje Presidencial 2019.txt,tecnocracia,medios,ALBERTOF_2019_2023,0.536
Mensaje Presidencial 2019.txt,tecnocracia,prueba,ALBERTOF_2019_2023,0.0
Mensaje Presidencial 2019.txt,mesianismo,tiempo,ALBERTOF_2019_2023,0.0
Mensaje Presidencial 2019.txt,mesianismo,problema,ALBERTOF_2019_2023,0.0
Mensaje Presidencial 2019.txt,mesianismo,autoridad,ALBERTOF_2019_2023,1.25
Mensaje Presidencial 2019.txt,mesianismo,sujeto_enemigo,ALBERTOF_2019_2023,0.0
Mensaje Presidencial 2019.txt,mesianismo,telos,ALBERTOF_2019_2023,0.0
Mensaje Presidencial 2019.txt,mesianismo,sacrificio,ALBERTOF_2019_2023,0.0
Mensaje Presidencial 2019.txt,mesianismo,medios,ALBERTOF_2019_2023,0.0
Mensaje Presidencial 2019.txt,mesianismo,prueba,ALBERTOF_2019_2023,0.0
Mensaje Presidencial 2019.txt,paternalismo,tiempo,ALBERTOF_2019_2023,0.0
Mensaje Presidencial 2019.txt,paternalismo,problema,ALBERTOF_2019_2023,0.0
Mensaje Presidencial 2019.txt,paternalismo,autoridad,ALBERTOF_2019_2023,0.0
Mensaje Presidencial 2019.txt,paternalismo,sujeto_enemigo,ALBERTOF_2019_2023,0.0
Mensaje Presidencial 2019.txt,paternalismo,telos,ALBERTOF_2019_2023,1.25
Mensaje Presidencial 2019.txt,paternalismo,sacrificio,ALBERTOF_2019_2023,0.0
Mensaje Presidencial 2019.txt,paternalismo,medios,ALBERTOF_2019_2023,0.536
Mensaje Presidencial 2019.txt,paternalismo,prueba,ALBERTOF_2019_2023,0.0
Mensaje Presidencial 2020.txt,tecnocracia,tiempo,ALBERTOF_2019_2023,0.0
Mensaje Presidencial 2020.txt,tecnocracia,problema,ALBERTOF_2019_2023,0.7370000000000001
Mensaje Presidencial 2020.txt,tecnocracia,autoridad,ALBERTOF_2019_2023,0.0
Mensaje Presidencial 2020.txt,tecnocracia,sujeto_enemigo,ALBERTOF_2019_2023,0.0
Mensaje Presidencial 2020.txt,tecnocracia,telos,ALBERTOF_2019_2023,0.0
Mensaje Presidencial 2020.txt,tecnocracia,sacrificio,ALBERTOF_2019_2023,0.0
Mensaje Presidencial 2020.txt,tecnocracia,medios,ALBERTOF_2019_2023,0.536
Mensaje Presidencial 2020.txt,tecnocracia,prueba,ALBERTOF_2019_2023,0.0
Mensaje Presidencial 2020.txt,mesianismo,tiempo,ALBERTOF_2019_2023,0.0
Mensaje Presidencial 2020.txt,mesianismo,problema,ALBERTOF_2019_2023,0.0
Mensaje Presidencial 2020.txt,mesianismo,autoridad,ALBERTOF_2019_2023,0.0
Mensaje Presidencial 2020.txt,mesianismo,sujeto_enemigo,ALBERTOF_2019_2023,0.0
Mensaje Presidencial 2020.txt,mesianismo,telos,ALBERTOF_2019_2023,0.0
Mensaje Presidencial 2020.txt,mesianismo,sacrificio,ALBERTOF_2019_2023,0.0
Mensaje Presidencial 2020.txt,mesianismo,medios,ALBERTOF_2019_2023,0.0
Mensaje Presidencial 2020.txt,mesianismo,prueba,ALBERTOF_2019_2023,0.0
Mensaje Presidencial 2020.txt,paternalismo,tiempo,ALBERTOF_2019_2023,0.0
Mensaje Presidencial 2020.txt,paternalismo,problema,ALBERTOF_2019_2023,0.0
Mensaje Presidencial 2020.txt,paternalismo,autoridad,ALBERTOF_2019_2023,0.0
Mensaje Presidencial 2020.txt,paternalismo,sujeto_enemigo,ALBERTOF_2019_2023,0.0
Mensaje Presidencial 2020.txt,paternalismo,telos,ALBERTOF_2019_2023,1.25
Mensaje Presidencial 2020.txt,paternalismo,sacrificio,ALBERTOF_2019_2023,0.0
Mensaje Presidencial 2020.txt,paternalismo,medios,ALBERTOF_2019_2023,0.536
Mensaje Presidencial 2020.txt,paternalismo,prueba,ALBERTOF_2019_2023,0.0
Mensaje Presidencial 2021.txt,tecnocracia,tiempo,ALBERTOF_2019_2023,0.0
Mensaje Presidencial 2021.txt,tecnocracia,problema,ALBERTOF_2019_2023,0.7370000000000001
Mensaje Presidencial 2021.txt,tecnocracia,autoridad,ALBERTOF_2019_2023,0.0
Mensaje Presidencial 2021.txt,tecnocracia,sujeto_enemigo,ALBERTOF_2019_2023,0.0
Mensaje Presidencial 2021.txt,tecnocracia,telos,ALBERTOF_2019_2023,0.0
Mensaje Presidencial 2021.txt,tecnocracia,sacrificio,ALBERTOF_2019_2023,0.0
Mensaje Presidencial 2021.txt,tecnocracia,medios,ALBERTOF_2019_2023,0.536
Mensaje Presidencial 2021.txt,tecnocracia,prueba,ALBERTOF_2019_2023,0.536
Mensaje Presidencial 2021.txt,mesianismo,tiempo,ALBERTOF_2019_2023,0.0
Mensaje Presidencial 2021.txt,mesianismo,problema,ALBERTOF_2019_2023,0.0
Mensaje Presidencial 2021.txt,mesianismo,autoridad,ALBERTOF_2019_2023,0.0
Mensaje Presidencial 2021.txt,mesianismo,sujeto_enemigo,ALBERTOF_2019_2023,0.0
Mensaje Presidencial 2021.txt,mesianismo,telos,ALBERTOF_2019_2023,0.0
Mensaje Presidencial 2021.txt,mesianismo,sacrificio,ALBERTOF_2019_2023,0.0
Mensaje Presidencial 2021.txt,mesianismo,medios,ALBERTOF_2019_2023,0.0
Mensaje Presidencial 2021.txt,mesianismo,prueba,ALBERTOF_2019_2023,0.0
Mensaje Presidencial 2021.txt,paternalismo,tiempo,ALBERTOF_2019_2023,0.0
Mensaje Presidencial 2021.txt,paternalismo,problema,ALBERTOF_2019_2023,0.0
Mensaje Presidencial 2021.txt,paternalismo,autoridad,ALBERTOF_2019_2023,0.0
Mensaje Presidencial 2021.txt,paternalismo,sujeto_enemigo,ALBERTOF_2019_2023,0.0
Mensaje Presidencial 2021.txt,paternalismo,telos,ALBERTOF_2019_2023,1.25
Mensaje Presidencial 2021.txt,paternalismo,sacrificio,ALBERTOF_2019_2023,0.0
Mensaje Presidencial 2021.txt,paternalismo,medios,ALBERTOF_2019_2023,0.536
Mensaje Presidencial 2021.txt,paternalismo,prueba,ALBERTOF_2019_2023,0.0
Mensaje Presidencial 2022.txt,tecnocracia,tiempo,ALBERTOF_2019_2023,0.0
Mensaje Presidencial 2022.txt,tecnocracia,problema,ALBERTOF_2019_2023,0.0
Mensaje Presidencial 2022.txt,tecnocracia,autoridad,ALBERTOF_2019_2023,0.0
Mensaje Presidencial 2022.txt,tecnocracia,sujeto_enemigo,ALBERTOF_2019_2023,0.0
Mensaje Presidencial 2022.txt,tecnocracia,telos,ALBERTOF_2019_2023,0.0
Mensaje Presidencial 2022.txt,tecnocracia,sacrificio,ALBERTOF_2019_2023,0.0
Mensaje Presidencial 2022.txt,tecnocracia,medios,ALBERTOF_2019_2023,0.536
Mensaje Presidencial 2022.txt,tecnocracia,prueba,ALBERTOF_2019_2023,0.536
Mensaje Presidencial 2022.txt,mesianismo,tiempo,ALBERTOF_2019_2023,0.0
Mensaje Presidencial 2022.txt,mesianismo,problema,ALBERTOF_2019_2023,0.0
Mensaje Presidencial 2022.txt,mesianismo,autoridad,ALBERTOF_2019_2023,0.0
Mensaje Presidencial 2022.txt,mesianismo,sujeto_enemigo,ALBERTOF_2019_2023,0.0
Mensaje Presidencial 2022.txt,mesianismo,telos,ALBERTOF_2019_2023,1.25
Mensaje Presidencial 2022.txt,mesianismo,sacrificio,ALBERTOF_2019_2023,0.0
Mensaje Presidencial 2022.txt,mesianismo,medios,ALBERTOF_2019_2023,0.0
Mensaje Presidencial 2022.txt,mesianismo,prueba,ALBERTOF_2019_2023,0.0
Mensaje Presidencial 2022.txt,paternalismo,tiempo,ALBERTOF_2019_2023,0.0
Mensaje Presidencial 2022.txt,paternalismo,problema,ALBERTOF_2019_2023,0.0
Mensaje Presidencial 2022.txt,paternalismo,autoridad,ALBERTOF_2019_2023,0.0
Mensaje Presidencial 2022.txt,paternalismo,sujeto_enemigo,ALBERTOF_2019_2023,0.0
Mensaje Presidencial 2022.txt,paternalismo,telos,ALBERTOF_2019_2023,1.25
Mensaje Presidencial 2022.txt,paternalismo,sacrificio,ALBERTOF_2019_2023,0.0
Mensaje Presidencial 2022.txt,paternalismo,medios,ALBERTOF_2019_2023,0.536
Mensaje Presidencial 2022.txt,paternalismo,prueba,ALBERTOF_2019_2023,0.0
1983-12-10_Mensaje_Presidencial_Alfonsin_Asuncixn.txt,tecnocracia,tiempo,ALFONSIN_1983_1989,0.0
1983-12-10_Mensaje_Presidencial_Alfonsin_Asuncixn.txt,tecnocracia,problema,ALFONSIN_1983_1989,0.7370000000000001
1983-12-10_Mensaje_Presidencial_Alfonsin_Asuncixn.txt,tecnocracia,autoridad,ALFONSIN_1983_1989,0.0
1983-12-10_Mensaje_Presidencial_Alfonsin_Asuncixn.txt,tecnocracia,sujeto_enemigo,ALFONSIN_1983_1989,0.0
1983-12-10_Mensaje_Presidencial_Alfonsin_Asuncixn.txt,tecnocracia,telos,ALFONSIN_1983_1989,0.0
1983-12-10_Mensaje_Presidencial_Alfonsin_Asuncixn.txt,tecnocracia,sacrificio,ALFONSIN_1983_1989,0.0
1983-12-10_Mensaje_Presidencial_Alfonsin_Asuncixn.txt,tecnocracia,medios,ALFONSIN_1983_1989,0.536
1983-12-10_Mensaje_Presidencial_Alfonsin_Asuncixn.txt,tecnocracia,prueba,ALFONSIN_1983_1989,0.536
1983-12-10_Mensaje_Presidencial_Alfonsin_Asuncixn.txt,mesianismo,tiempo,ALFONSIN_1983_1989,1.25
1983-12-10_Mensaje_Presidencial_Alfonsin_Asuncixn.txt,mesianismo,problema,ALFONSIN_1983_1989,0.0
1983-12-10_Mensaje_Presidencial_Alfonsin_Asuncixn.txt,mesianismo,autoridad,ALFONSIN_1983_1989,0.0
1983-12-10_Mensaje_Presidencial_Alfonsin_Asuncixn.txt,mesianismo,sujeto_enemigo,ALFONSIN_1983_1989,0.0
1983-12-10_Mensaje_Presidencial_Alfonsin_Asuncixn.txt,mesianismo,telos,ALFONSIN_1983_1989,1.25
1983-12-10_Mensaje_Presidencial_Alfonsin_Asuncixn.txt,mesianismo,sacrificio,ALFONSIN_1983_1989,0.0
1983-12-10_Mensaje_Presidencial_Alfonsin_Asuncixn.txt,mesianismo,medios,ALFONSIN_1983_1989,0.0
1983-12-10_Mensaje_Presidencial_Alfonsin_Asuncixn.txt,mesianismo,prueba,ALFONSIN_1983_1989,0.0
1983-12-10_Mensaje_Presidencial_Alfonsin_Asuncixn.txt,paternalismo,tiempo,ALFONSIN_1983_1989,0.0
1983-12-10_Mensaje_Presidencial_Alfonsin_Asuncixn.txt,paternalismo,problema,ALFONSIN_1983_1989,0.0
1983-12-10_Mensaje_Presidencial_Alfonsin_Asuncixn.txt,paternalismo,autoridad,ALFONSIN_1983_1989,0.0
1983-12-10_Mensaje_Presidencial_Alfonsin_Asuncixn.txt,paternalismo,sujeto_enemigo,ALFONSIN_1983_1989,1.1
1983-12-10_Mensaje_Presidencial_Alfonsin_Asuncixn.txt,paternalismo,telos,ALFONSIN_1983_1989,1.25
1983-12-10_Mensaje_Presidencial_Alfonsin_Asuncixn.txt,paternalismo,sacrificio,ALFONSIN_1983_1989,0.0
1983-12-10_Mensaje_Presidencial_Alfonsin_Asuncixn.txt,paternalismo,medios,ALFONSIN_1983_1989,0.536
1983-12-10_Mensaje_Presidencial_Alfonsin_Asuncixn.txt,paternalismo,prueba,ALFONSIN_1983_1989,0.0
MENSAJE PRESIDENCIAL 1984.txt,tecnocracia,tiempo,ALFONSIN_1983_1989,0.0
MENSAJE PRESIDENCIAL 1984.txt,tecnocracia,problema,ALFONSIN_1983_1989,0.7370000000000001
MENSAJE PRESIDENCIAL 1984.txt,tecnocracia,autoridad,ALFONSIN_1983_1989,0.0
MENSAJE PRESIDENCIAL 1984.txt,tecnocracia,sujeto_enemigo,ALFONSIN_1983_1989,0.0
MENSAJE PRESIDENCIAL 1984.txt,tecnocracia,telos,ALFONSIN_1983_1989,0.0
MENSAJE PRESIDENCIAL 1984.txt,tecnocracia,sacrificio,ALFONSIN_1983_1989,0.0
MENSAJE PRESIDENCIAL 1984.txt,tecnocracia,medios,ALFONSIN_1983_1989,0.536
MENSAJE PRESIDENCIAL 1984.txt,tecnocracia,prueba,ALFONSIN_1983_1989,0.536
MENSAJE PRESIDENCIAL 1984.txt,mesianismo,tiempo,ALFONSIN_1983_1989,0.0
MENSAJE PRESIDENCIAL 1984.txt,mesianismo,problema,ALFONSIN_1983_1989,0.0
MENSAJE PRESIDENCIAL 1984.txt,mesianismo,autoridad,ALFONSIN_1983_1989,0.0
MENSAJE PRESIDENCIAL 1984.txt,mesianismo,sujeto_enemigo,ALFONSIN_1983_1989,0.0
MENSAJE PRESIDENCIAL 1984.txt,mesianismo,telos,ALFONSIN_1983_1989,0.0
MENSAJE PRESIDENCIAL 1984.txt,mesianismo,sacrificio,ALFONSIN_1983_1989,0.0
MENSAJE PRESIDENCIAL 1984.txt,mesianismo,medios,ALFONSIN_1983_1989,0.0
MENSAJE PRESIDENCIAL 1984.txt,mesianismo,prueba,ALFONSIN_1983_1989,0.0
MENSAJE PRESIDENCIAL 1984.txt,paternalismo,tiempo,ALFONSIN_1983_1989,0.0
MENSAJE PRESIDENCIAL 1984.txt,paternalismo,problema,ALFONSIN_1983_1989,0.0
MENSAJE PRESIDENCIAL 1984.txt,paternalismo,autoridad,ALFONSIN_1983_1989,0.0
MENSAJE PRESIDENCIAL 1984.txt,paternalismo,sujeto_enemigo,ALFONSIN_1983_1989,0.0
MENSAJE PRESIDENCIAL 1984.txt,paternalismo,telos,ALFONSIN_1983_1989,1.25
MENSAJE PRESIDENCIAL 1984.txt,paternalismo,sacrificio,ALFONSIN_1983_1989,0.0
MENSAJE PRESIDENCIAL 1984.txt,paternalismo,medios,ALFONSIN_1983_1989,0.536
MENSAJE PRESIDENCIAL 1984.txt,paternalismo,prueba,ALFONSIN_1983_1989,0.0
MENSAJE PRESIDENCIAL 1985.txt,tecnocracia,tiempo,ALFONSIN_1983_1989,0.0
MENSAJE PRESIDENCIAL 1985.txt,tecnocracia,problema,ALFONSIN_1983_1989,0.7370000000000001
MENSAJE PRESIDENCIAL 1985.txt,tecnocracia,autoridad,ALFONSIN_1983_1989,0.0
MENSAJE PRESIDENCIAL 1985.txt,tecnocracia,sujeto_enemigo,ALFONSIN_1983_1989,0.0
MENSAJE PRESIDENCIAL 1985.txt,tecnocracia,telos,ALFONSIN_1983_1989,0.0
MENSAJE PRESIDENCIAL 1985.txt,tecnocracia,sacrificio,ALFONSIN_1983_1989,0.0
MENSAJE PRESIDENCIAL 1985.txt,tecnocracia,medios,ALFONSIN_1983_1989,0.536
MENSAJE PRESIDENCIAL 1985.txt,tecnocracia,prueba,ALFONSIN_1983_1989,0.536
MENSAJE PRESIDENCIAL 1985.txt,mesianismo,tiempo,ALFONSIN_1983_1989,1.25
MENSAJE PRESIDENCIAL 1985.txt,mesianismo,problema,ALFONSIN_1983_1989,1.1
MENSAJE PRESIDENCIAL 1985.txt,mesianismo,autoridad,ALFONSIN_1983_1989,0.0
MENSAJE PRESIDENCIAL 1985.txt,mesianismo,sujeto_enemigo,ALFONSIN_1983_1989,0.0
MENSAJE PRESIDENCIAL 1985.txt,mesianismo,telos,ALFONSIN_1983_1989,0.0
MENSAJE PRESIDENCIAL 1985.txt,mesianismo,sacrificio,ALFONSIN_1983_1989,0.0
MENSAJE PRESIDENCIAL 1985.txt,mesianismo,medios,ALFONSIN_1983_1989,0.0
MENSAJE PRESIDENCIAL 1985.txt,mesianismo,prueba,ALFONSIN_1983_1989,0.0
MENSAJE PRESIDENCIAL 1985.txt,paternalismo,tiempo,ALFONSIN_1983_1989,0.0
MENSAJE PRESIDENCIAL 1985.txt,paternalismo,problema,ALFONSIN_1983_1989,0.0
MENSAJE PRESIDENCIAL 1985.txt,paternalismo,autoridad,ALFONSIN_1983_1989,0.0
MENSAJE PRESIDENCIAL 1985.txt,paternalismo,sujeto_enemigo,ALFONSIN_1983_1989,0.21175000000000002
MENSAJE PRESIDENCIAL 1985.txt,paternalismo,telos,ALFONSIN_1983_1989,1.25
MENSAJE PRESIDENCIAL 1985.txt,paternalismo,sacrificio,ALFONSIN_1983_1989,0.0
MENSAJE PRESIDENCIAL 1985.txt,paternalismo,medios,ALFONSIN_1983_1989,0.536
MENSAJE PRESIDENCIAL 1985.txt,paternalismo,prueba,ALFONSIN_1983_1989,0.0
MENSAJE PRESIDENCIAL 1986.txt,tecnocracia,tiempo,ALFONSIN_1983_1989,0.0
MENSAJE PRESIDENCIAL 1986.txt,tecnocracia,problema,ALFONSIN_1983_1989,0.0
MENSAJE PRESIDENCIAL 1986.txt,tecnocracia,autoridad,ALFONSIN_1983_1989,0.0
MENSAJE PRESIDENCIAL 1986.txt,tecnocracia,sujeto_enemigo,ALFONSIN_1983_1989,0.0
MENSAJE PRESIDENCIAL 1986.txt,tecnocracia,telos,ALFONSIN_1983_1989,0.0
MENSAJE PRESIDENCIAL 1986.txt,tecnocracia,sacrificio,ALFONSIN_1983_1989,0.0
MENSAJE PRESIDENCIAL 1986.txt,tecnocracia,medios,ALFONSIN_1983_1989,0.536
MENSAJE PRESIDENCIAL 1986.txt,tecnocracia,prueba,ALFONSIN_1983_1989,0.536
MENSAJE PRESIDENCIAL 1986.txt,mesianismo,tiempo,ALFONSIN_1983_1989,1.25
MENSAJE PRESIDENCIAL 1986.txt,mesianismo,problema,ALFONSIN_1983_1989,0.0
MENSAJE PRESIDENCIAL 1986.txt,mesianismo,autoridad,ALFONSIN_1983_1989,0.0
MENSAJE PRESIDENCIAL 1986.txt,mesianismo,sujeto_enemigo,ALFONSIN_1983_1989,0.0
MENSAJE PRESIDENCIAL 1986.txt,mesianismo,telos,ALFONSIN_1983_1989,0.0
MENSAJE PRESIDENCIAL 1986.txt,mesianismo,sacrificio,ALFONSIN_1983_1989,0.0
MENSAJE PRESIDENCIAL 1986.txt,mesianismo,medios,ALFONSIN_1983_1989,0.0
MENSAJE PRESIDENCIAL 1986.txt,mesianismo,prueba,ALFONSIN_1983_1989,0.0
MENSAJE PRESIDENCIAL 1986.txt,paternalismo,tiempo,ALFONSIN_1983_1989,0.0
MENSAJE PRESIDENCIAL 1986.txt,paternalismo,problema,ALFONSIN_1983_1989,0.0
MENSAJE PRESIDENCIAL 1986.txt,paternalismo,autoridad,ALFONSIN_1983_1989,0.0
MENSAJE PRESIDENCIAL 1986.txt,paternalismo,sujeto_enemigo,ALFONSIN_1983_1989,0.0
MENSAJE PRESIDENCIAL 1986.txt,paternalismo,telos,ALFONSIN_1983_1989,1.25
MENSAJE PRESIDENCIAL 1986.txt,paternalismo,sacrificio,ALFONSIN_1983_1989,0.0
MENSAJE PRESIDENCIAL 1986.txt,paternalismo,medios,ALFONSIN_1983_1989,0.536
MENSAJE PRESIDENCIAL 1986.txt,paternalismo,prueba,ALFONSIN_1983_1989,0.0
MENSAJE PRESIDENCIAL 1987.txt,tecnocracia,tiempo,ALFONSIN_1983_1989,0.0
MENSAJE PRESIDENCIAL 1987.txt,tecnocracia,problema,ALFONSIN_1983_1989,0.0
MENSAJE PRESIDENCIAL 1987.txt,tecnocracia,autoridad,ALFONSIN_1983_1989,0.0
MENSAJE PRESIDENCIAL 1987.txt,tecnocracia,sujeto_enemigo,ALFONSIN_1983_1989,0.0
MENSAJE PRESIDENCIAL 1987.txt,tecnocracia,telos,ALFONSIN_1983_1989,0.0
MENSAJE PRESIDENCIAL 1987.txt,tecnocracia,sacrificio,ALFONSIN_1983_1989,0.0
MENSAJE PRESIDENCIAL 1987.txt,tecnocracia,medios,ALFONSIN_1983_1989,0.536
MENSAJE PRESIDENCIAL 1987.txt,tecnocracia,prueba,ALFONSIN_1983_1989,0.0
MENSAJE PRESIDENCIAL 1987.txt,mesianismo,tiempo,ALFONSIN_1983_1989,1.25
MENSAJE PRESIDENCIAL 1987.txt,mesianismo,problema,ALFONSIN_1983_1989,0.0
MENSAJE PRESIDENCIAL 1987.txt,mesianismo,autoridad,ALFONSIN_1983_1989,0.0
MENSAJE PRESIDENCIAL 1987.txt,mesianismo,sujeto_enemigo,ALFONSIN_1983_1989,0.0
MENSAJE PRESIDENCIAL 1987.txt,mesianismo,telos,ALFONSIN_1983_1989,0.0
MENSAJE PRESIDENCIAL 1987.txt,mesianismo,sacrificio,ALFONSIN_1983_1989,0.0
MENSAJE PRESIDENCIAL 1987.txt,mesianismo,medios,ALFONSIN_1983_1989,0.0
MENSAJE PRESIDENCIAL 1987.txt,mesianismo,prueba,ALFONSIN_1983_1989,0.0
MENSAJE PRESIDENCIAL 1987.txt,paternalismo,tiempo,ALFONSIN_1983_1989,0.0
MENSAJE PRESIDENCIAL 1987.txt,paternalismo,problema,ALFONSIN_1983_1989,0.0
MENSAJE PRESIDENCIAL 1987.txt,paternalismo,autoridad,ALFONSIN_1983_1989,0.0
MENSAJE PRESIDENCIAL 1987.txt,paternalismo,sujeto_enemigo,ALFONSIN_1983_1989,0.0
MENSAJE PRESIDENCIAL 1987.txt,paternalismo,telos,ALFONSIN_1983_1989,1.25
MENSAJE PRESIDENCIAL 1987.txt,paternalismo,sacrificio,ALFONSIN_1983_1989,0.0
MENSAJE PRESIDENCIAL 1987.txt,paternalismo,medios,ALFONSIN_1983_1989,0.0
MENSAJE PRESIDENCIAL 1987.txt,paternalismo,prueba,ALFONSIN_1983_1989,0.0
1988-12-21_Asamblea_Legislativa_Extraordinaria_Alfonsin.txt,tecnocracia,tiempo,ALFONSIN_1983_1989,0.0
1988-12-21_Asamblea_Legislativa_Extraordinaria_Alfonsin.txt,tecnocracia,problema,ALFONSIN_1983_1989,0.0
1988-12-21_Asamblea_Legislativa_Extraordinaria_Alfonsin.txt,tecnocracia,autoridad,ALFONSIN_1983_1989,0.0
1988-12-21_Asamblea_Legislativa_Extraordinaria_Alfonsin.txt,tecnocracia,sujeto_enemigo,ALFONSIN_1983_1989,0.0
1988-12-21_Asamblea_Legislativa_Extraordinaria_Alfonsin.txt,tecnocracia,telos,ALFONSIN_1983_1989,0.0
1988-12-21_Asamblea_Legislativa_Extraordinaria_Alfonsin.txt,tecnocracia,sacrificio,ALFONSIN_1983_1989,0.0
1988-12-21_Asamblea_Legislativa_Extraordinaria_Alfonsin.txt,tecnocracia,medios,ALFONSIN_1983_1989,0.536
1988-12-21_Asamblea_Legislativa_Extraordinaria_Alfonsin.txt,tecnocracia,prueba,ALFONSIN_1983_1989,0.0
1988-12-21_Asamblea_Legislativa_Extraordinaria_Alfonsin.txt,mesianismo,tiempo,ALFONSIN_1983_1989,1.25
1988-12-21_Asamblea_Legislativa_Extraordinaria_Alfonsin.txt,mesianismo,problema,ALFONSIN_1983_1989,0.0
1988-12-21_Asamblea_Legislativa_Extraordinaria_Alfonsin.txt,mesianismo,autoridad,ALFONSIN_1983_1989,0.0
1988-12-21_Asamblea_Legislativa_Extraordinaria_Alfonsin.txt,mesianismo,sujeto_enemigo,ALFONSIN_1983_1989,0.0
1988-12-21_Asamblea_Legislativa_Extraordinaria_Alfonsin.txt,mesianismo,telos,ALFONSIN_1983_1989,0.0
1988-12-21_Asamblea_Legislativa_Extraordinaria_Alfonsin.txt,mesianismo,sacrificio,ALFONSIN_1983_1989,0.0
1988-12-21_Asamblea_Legislativa_Extraordinaria_Alfonsin.txt,mesianismo,medios,ALFONSIN_1983_1989,0.0
1988-12-21_Asamblea_Legislativa_Extraordinaria_Alfonsin.txt,mesianismo,prueba,ALFONSIN_1983_1989,0.0
1988-12-21_Asamblea_Legislativa_Extraordinaria_Alfonsin.txt,paternalismo,tiempo,ALFONSIN_1983_1989,0.0
1988-12-21_Asamblea_Legislativa_Extraordinaria_Alfonsin.txt,paternalismo,problema,ALFONSIN_1983_1989,0.0
1988-12-21_Asamblea_Legislativa_Extraordinaria_Alfonsin.txt,paternalismo,autoridad,ALFONSIN_1983_1989,0.0
1988-12-21_Asamblea_Legislativa_Extraordinaria_Alfonsin.txt,paternalismo,sujeto_enemigo,ALFONSIN_1983_1989,0.0
1988-12-21_Asamblea_Legislativa_Extraordinaria_Alfonsin.txt,paternalismo,telos,ALFONSIN_1983_1989,0.0
1988-12-21_Asamblea_Legislativa_Extraordinaria_Alfonsin.txt,paternalismo,sacrificio,ALFONSIN_1983_1989,0.0
1988-12-21_Asamblea_Legislativa_Extraordinaria_Alfonsin.txt,paternalismo,medios,ALFONSIN_1983_1989,0.0
1988-12-21_Asamblea_Legislativa_Extraordinaria_Alfonsin.txt,paternalismo,prueba,ALFONSIN_1983_1989,0.0
MENSAJE PRESIDENCIAL 1988.txt,tecnocracia,tiempo,ALFONSIN_1983_1989,0.0
MENSAJE PRESIDENCIAL 1988.txt,tecnocracia,problema,ALFONSIN_1983_1989,0.7370000000000001
MENSAJE PRESIDENCIAL 1988.txt,tecnocracia,autoridad,ALFONSIN_1983_1989,0.0
MENSAJE PRESIDENCIAL 1988.txt,tecnocracia,sujeto_enemigo,ALFONSIN_1983_1989,0.0
MENSAJE PRESIDENCIAL 1988.txt,tecnocracia,telos,ALFONSIN_1983_1989,0.0
MENSAJE PRESIDENCIAL 1988.txt,tecnocracia,sacrificio,ALFONSIN_1983_1989,0.0
MENSAJE PRESIDENCIAL 1988.txt,tecnocracia,medios,ALFONSIN_1983_1989,0.536
MENSAJE PRESIDENCIAL 1988.txt,tecnocracia,prueba,ALFONSIN_1983_1989,0.0
MENSAJE PRESIDENCIAL 1988.txt,mesianismo,tiempo,ALFONSIN_1983_1989,0.0
MENSAJE PRESIDENCIAL 1988.txt,mesianismo,problema,ALFONSIN_1983_1989,0.0
MENSAJE PRESIDENCIAL 1988.txt,mesianismo,autoridad,ALFONSIN_1983_1989,0.0
MENSAJE PRESIDENCIAL 1988.txt,mesianismo,sujeto_enemigo,ALFONSIN_1983_1989,0.0
MENSAJE PRESIDENCIAL 1988.txt,mesianismo,telos,ALFONSIN_1983_1989,0.0
MENSAJE PRESIDENCIAL 1988.txt,mesianismo,sacrificio,ALFONSIN_1983_1989,0.0
MENSAJE PRESIDENCIAL 1988.txt,mesianismo,medios,ALFONSIN_1983_1989,0.0
MENSAJE PRESIDENCIAL 1988.txt,mesianismo,prueba,ALFONSIN_1983_1989,0.0
MENSAJE PRESIDENCIAL 1988.txt,paternalismo,tiempo,ALFONSIN_1983_1989,0.0
MENSAJE PRESIDENCIAL 1988.txt,paternalismo,problema,ALFONSIN_1983_1989,0.0
MENSAJE PRESIDENCIAL 1988.txt,paternalismo,autoridad,ALFONSIN_1983_1989,0.0
MENSAJE PRESIDENCIAL 1988.txt,paternalismo,sujeto_enemigo,ALFONSIN_1983_1989,0.0
MENSAJE PRESIDENCIAL 1988.txt,paternalismo,telos,ALFONSIN_1983_1989,1.25
MENSAJE PRESIDENCIAL 1988.txt,paternalismo,sacrificio,ALFONSIN_1983_1989,0.0
MENSAJE PRESIDENCIAL 1988.txt,paternalismo,medios,ALFONSIN_1983_1989,0.536
MENSAJE PRESIDENCIAL 1988.txt,paternalismo,prueba,ALFONSIN_1983_1989,0.0
MENSAJE PRESIDENCIAL 1989.txt,tecnocracia,tiempo,ALFONSIN_1983_1989,0.0
MENSAJE PRESIDENCIAL 1989.txt,tecnocracia,problema,ALFONSIN_1983_1989,0.7370000000000001
MENSAJE PRESIDENCIAL 1989.txt,tecnocracia,autoridad,ALFONSIN_1983_1989,0.0
MENSAJE PRESIDENCIAL 1989.txt,tecnocracia,sujeto_enemigo,ALFONSIN_1983_1989,0.0
MENSAJE PRESIDENCIAL 1989.txt,tecnocracia,telos,ALFONSIN_1983_1989,0.0
MENSAJE PRESIDENCIAL 1989.txt,tecnocracia,sacrificio,ALFONSIN_1983_1989,0.0
MENSAJE PRESIDENCIAL 1989.txt,tecnocracia,medios,ALFONSIN_1983_1989,0.536
MENSAJE PRESIDENCIAL 1989.txt,tecnocracia,prueba,ALFONSIN_1983_1989,0.0
MENSAJE PRESIDENCIAL 1989.txt,mesianismo,tiempo,ALFONSIN_1983_1989,1.25
MENSAJE PRESIDENCIAL 1989.txt,mesianismo,problema,ALFONSIN_1983_1989,0.0
MENSAJE PRESIDENCIAL 1989.txt,mesianismo,autoridad,ALFONSIN_1983_1989,0.0
MENSAJE PRESIDENCIAL 1989.txt,mesianismo,sujeto_enemigo,ALFONSIN_1983_1989,0.0
MENSAJE PRESIDENCIAL 1989.txt,mesianismo,telos,ALFONSIN_1983_1989,1.25
MENSAJE PRESIDENCIAL 1989.txt,mesianismo,sacrificio,ALFONSIN_1983_1989,0.0
MENSAJE PRESIDENCIAL 1989.txt,mesianismo,medios,ALFONSIN_1983_1989,0.0
MENSAJE PRESIDENCIAL 1989.txt,mesianismo,prueba,ALFONSIN_1983_1989,0.0
MENSAJE PRESIDENCIAL 1989.txt,paternalismo,tiempo,ALFONSIN_1983_1989,0.0
MENSAJE PRESIDENCIAL 1989.txt,paternalismo,problema,ALFONSIN_1983_1989,0.0
MENSAJE PRESIDENCIAL 1989.txt,paternalismo,autoridad,ALFONSIN_1983_1989,0.0
MENSAJE PRESIDENCIAL 1989.txt,paternalismo,sujeto_enemigo,ALFONSIN_1983_1989,0.21175000000000002
MENSAJE PRESIDENCIAL 1989.txt,paternalismo,telos,ALFONSIN_1983_1989,1.25
MENSAJE PRESIDENCIAL 1989.txt,paternalismo,sacrificio,ALFONSIN_1983_1989,0.0
MENSAJE PRESIDENCIAL 1989.txt,paternalismo,medios,ALFONSIN_1983_1989,0.0
MENSAJE PRESIDENCIAL 1989.txt,paternalismo,prueba,ALFONSIN_1983_1989,0.0
Asunción.Cristina.2011.txt,tecnocracia,tiempo,CFK_II_2011_2015,0.0
Asunción.Cristina.2011.txt,tecnocracia,problema,CFK_II_2011_2015,0.0
Asunción.Cristina.2011.txt,tecnocracia,autoridad,CFK_II_2011_2015,0.0
Asunción.Cristina.2011.txt,tecnocracia,sujeto_enemigo,CFK_II_2011_2015,0.0
Asunción.Cristina.2011.txt,tecnocracia,telos,CFK_II_2011_2015,0.0
Asunción.Cristina.2011.txt,tecnocracia,sacrificio,CFK_II_2011_2015,0.0
Asunción.Cristina.2011.txt,tecnocracia,medios,CFK_II_2011_2015,0.536
Asunción.Cristina.2011.txt,tecnocracia,prueba,CFK_II_2011_2015,0.536
Asunción.Cristina.2011.txt,mesianismo,tiempo,CFK_II_2011_2015,1.25
Asunción.Cristina.2011.txt,mesianismo,problema,CFK_II_2011_2015,0.0
Asunción.Cristina.2011.txt,mesianismo,autoridad,CFK_II_2011_2015,0.0
Asunción.Cristina.2011.txt,mesianismo,sujeto_enemigo,CFK_II_2011_2015,0.0
Asunción.Cristina.2011.txt,mesianismo,telos,CFK_II_2011_2015,0.0
Asunción.Cristina.2011.txt,mesianismo,sacrificio,CFK_II_2011_2015,0.0
Asunción.Cristina.2011.txt,mesianismo,medios,CFK_II_2011_2015,0.0
Asunción.Cristina.2011.txt,mesianismo,prueba,CFK_II_2011_2015,0.0
Asunción.Cristina.2011.txt,paternalismo,tiempo,CFK_II_2011_2015,0.0
Asunción.Cristina.2011.txt,paternalismo,problema,CFK_II_2011_2015,0.0
Asunción.Cristina.2011.txt,paternalismo,autoridad,CFK_II_2011_2015,0.0
Asunción.Cristina.2011.txt,paternalismo,sujeto_enemigo,CFK_II_2011_2015,0.0
Asunción.Cristina.2011.txt,paternalismo,telos,CFK_II_2011_2015,0.0
Asunción.Cristina.2011.txt,paternalismo,sacrificio,CFK_II_2011_2015,0.0
Asunción.Cristina.2011.txt,paternalismo,medios,CFK_II_2011_2015,0.536
Asunción.Cristina.2011.txt,paternalismo,prueba,CFK_II_2011_2015,0.0
2012-03-01 Mensaje Presidencial Fernandez.txt,tecnocracia,tiempo,CFK_II_2011_2015,0.0
2012-03-01 Mensaje Presidencial Fernandez.txt,tecnocracia,problema,CFK_II_2011_2015,0.0
2012-03-01 Mensaje Presidencial Fernandez.txt,tecnocracia,autoridad,CFK_II_2011_2015,0.0
2012-03-01 Mensaje Presidencial Fernandez.txt,tecnocracia,sujeto_enemigo,CFK_II_2011_2015,0.0
2012-03-01 Mensaje Presidencial Fernandez.txt,tecnocracia,telos,CFK_II_2011_2015,0.0
2012-03-01 Mensaje Presidencial Fernandez.txt,tecnocracia,sacrificio,CFK_II_2011_2015,0.0
2012-03-01 Mensaje Presidencial Fernandez.txt,tecnocracia,medios,CFK_II_2011_2015,0.536
2012-03-01 Mensaje Presidencial Fernandez.txt,tecnocracia,prueba,CFK_II_2011_2015,0.536
2012-03-01 Mensaje Presidencial Fernandez.txt,mesianismo,tiempo,CFK_II_2011_2015,0.0
2012-03-01 Mensaje Presidencial Fernandez.txt,mesianismo,problema,CFK_II_2011_2015,0.0
2012-03-01 Mensaje Presidencial Fernandez.txt,mesianismo,autoridad,CFK_II_2011_2015,0.0
2012-03-01 Mensaje Presidencial Fernandez.txt,mesianismo,sujeto_enemigo,CFK_II_2011_2015,0.0
2012-03-01 Mensaje Presidencial Fernandez.txt,mesianismo,telos,CFK_II_2011_2015,0.0
2012-03-01 Mensaje Presidencial Fernandez.txt,mesianismo,sacrificio,CFK_II_2011_2015,0.0
2012-03-01 Mensaje Presidencial Fernandez.txt,mesianismo,medios,CFK_II_2011_2015,0.0
2012-03-01 Mensaje Presidencial Fernandez.txt,mesianismo,prueba,CFK_II_2011_2015,0.0
2012-03-01 Mensaje Presidencial Fernandez.txt,paternalismo,tiempo,CFK_II_2011_2015,0.0
2012-03-01 Mensaje Presidencial Fernandez.txt,paternalismo,problema,CFK_II_2011_2015,0.0
2012-03-01 Mensaje Presidencial Fernandez.txt,paternalismo,autoridad,CFK_II_2011_2015,0.0
2012-03-01 Mensaje Presidencial Fernandez.txt,paternalismo,sujeto_enemigo,CFK_II_2011_2015,0.0
2012-03-01 Mensaje Presidencial Fernandez.txt,paternalismo,telos,CFK_II_2011_2015,1.25
2012-03-01 Mensaje Presidencial Fernandez.txt,paternalismo,sacrificio,CFK_II_2011_2015,0.0
2012-03-01 Mensaje Presidencial Fernandez.txt,paternalismo,medios,CFK_II_2011_2015,0.536
2012-03-01 Mensaje Presidencial Fernandez.txt,paternalismo,prueba,CFK_II_2011_2015,0.0
2013-03-01_Asamblea_Legislativa-Fernandez.txt,tecnocracia,tiempo,CFK_II_2011_2015,0.0
2013-03-01_Asamblea_Legislativa-Fernandez.txt,tecnocracia,problema,CFK_II_2011_2015,0.0
2013-03-01_Asamblea_Legislativa-Fernandez.txt,tecnocracia,autoridad,CFK_II_2011_2015,0.0
2013-03-01_Asamblea_Legislativa-Fernandez.txt,tecnocracia,sujeto_enemigo,CFK_II_2011_2015,0.0
2013-03-01_Asamblea_Legislativa-Fernandez.txt,tecnocracia,telos,CFK_II_2011_2015,0.0
2013-03-01_Asamblea_Legislativa-Fernandez.txt,tecnocracia,sacrificio,CFK_II_2011_2015,0.0
2013-03-01_Asamblea_Legislativa-Fernandez.txt,tecnocracia,medios,CFK_II_2011_2015,0.536
2013-03-01_Asamblea_Legislativa-Fernandez.txt,tecnocracia,prueba,CFK_II_2011_2015,0.536
2013-03-01_Asamblea_Legislativa-Fernandez.txt,mesianismo,tiempo,CFK_II_2011_2015,0.0
2013-03-01_Asamblea_Legislativa-Fernandez.txt,mesianismo,problema,CFK_II_2011_2015,0.0
2013-03-01_Asamblea_Legislativa-Fernandez.txt,mesianismo,autoridad,CFK_II_2011_2015,0.0
2013-03-01_Asamblea_Legislativa-Fernandez.txt,mesianismo,sujeto_enemigo,CFK_II_2011_2015,0.0
2013-03-01_Asamblea_Legislativa-Fernandez.txt,mesianismo,telos,CFK_II_2011_2015,0.0
2013-03-01_Asamblea_Legislativa-Fernandez.txt,mesianismo,sacrificio,CFK_II_2011_2015,0.0
2013-03-01_Asamblea_Legislativa-Fernandez.txt,mesianismo,medios,CFK_II_2011_2015,0.0
2013-03-01_Asamblea_Legislativa-Fernandez.txt,mesianismo,prueba,CFK_II_2011_2015,0.0
2013-03-01_Asamblea_Legislativa-Fernandez.txt,paternalismo,tiempo,CFK_II_2011_2015,0.0
2013-03-01_Asamblea_Legislativa-Fernandez.txt,paternalismo,problema,CFK_II_2011_2015,0.0
2013-03-01_Asamblea_Legislativa-Fernandez.txt,paternalismo,autoridad,CFK_II_2011_2015,0.0
2013-03-01_Asamblea_Legislativa-Fernandez.txt,paternalismo,sujeto_enemigo,CFK_II_2011_2015,0.0
2013-03-01_Asamblea_Legislativa-Fernandez.txt,paternalismo,telos,CFK_II_2011_2015,1.25
2013-03-01_Asamblea_Legislativa-Fernandez.txt,paternalismo,sacrificio,CFK_II_2011_2015,0.0
2013-03-01_Asamblea_Legislativa-Fernandez.txt,paternalismo,medios,CFK_II_2011_2015,0.536
2013-03-01_Asamblea_Legislativa-Fernandez.txt,paternalismo,prueba,CFK_II_2011_2015,0.0
2014-03-01_Asamblea_Legislativa-Fernandez.txt,tecnocracia,tiempo,CFK_II_2011_2015,0.0
2014-03-01_Asamblea_Legislativa-Fernandez.txt,tecnocracia,problema,CFK_II_2011_2015,0.7370000000000001
2014-03-01_Asamblea_Legislativa-Fernandez.txt,tecnocracia,autoridad,CFK_II_2011_2015,0.0
2014-03-01_Asamblea_Legislativa-Fernandez.txt,tecnocracia,sujeto_enemigo,CFK_II_2011_2015,0.0
2014-03-01_Asamblea_Legislativa-Fernandez.txt,tecnocracia,telos,CFK_II_2011_2015,0.0
2014-03-01_Asamblea_Legislativa-Fernandez.txt,tecnocracia,sacrificio,CFK_II_2011_2015,0.0
2014-03-01_Asamblea_Legislativa-Fernandez.txt,tecnocracia,medios,CFK_II_2011_2015,0.536
2014-03-01_Asamblea_Legislativa-Fernandez.txt,tecnocracia,prueba,CFK_II_2011_2015,0.536
2014-03-01_Asamblea_Legislativa-Fernandez.txt,mesianismo,tiempo,CFK_II_2011_2015,0.0
2014-03-01_Asamblea_Legislativa-Fernandez.txt,mesianismo,problema,CFK_II_2011_2015,0.0
2014-03-01_Asamblea_Legislativa-Fernandez.txt,mesianismo,autoridad,CFK_II_2011_2015,0.0
2014-03-01_Asamblea_Legislativa-Fernandez.txt,mesianismo,sujeto_enemigo,CFK_II_2011_2015,0.0
2014-03-01_Asamblea_Legislativa-Fernandez.txt,mesianismo,telos,CFK_II_2011_2015,0.0
2014-03-01_Asamblea_Legislativa-Fernandez.txt,mesianismo,sacrificio,CFK_II_2011_2015,0.0
2014-03-01_Asamblea_Legislativa-Fernandez.txt,mesianismo,medios,CFK_II_2011_2015,0.0
2014-03-01_Asamblea_Legislativa-Fernandez.txt,mesianismo,prueba,CFK_II_2011_2015,0.0
2014-03-01_Asamblea_Legislativa-Fernandez.txt,paternalismo,tiempo,CFK_II_2011_2015,0.0
2014-03-01_Asamblea_Legislativa-Fernandez.txt,paternalismo,problema,CFK_II_2011_2015,0.0
2014-03-01_Asamblea_Legislativa-Fernandez.txt,paternalismo,autoridad,CFK_II_2011_2015,0.0
2014-03-01_Asamblea_Legislativa-Fernandez.txt,paternalismo,sujeto_enemigo,CFK_II_2011_2015,0.0
2014-03-01_Asamblea_Legislativa-Fernandez.txt,paternalismo,telos,CFK_II_2011_2015,1.25
2014-03-01_Asamblea_Legislativa-Fernandez.txt,paternalismo,sacrificio,CFK_II_2011_2015,0.0
2014-03-01_Asamblea_Legislativa-Fernandez.txt,paternalismo,medios,CFK_II_2011_2015,0.536
2014-03-01_Asamblea_Legislativa-Fernandez.txt,paternalismo,prueba,CFK_II_2011_2015,0.0
2015-03-01_Asamblea_Legislativa-Fernandez.txt,tecnocracia,tiempo,CFK_II_2011_2015,0.0
2015-03-01_Asamblea_Legislativa-Fernandez.txt,tecnocracia,problema,CFK_II_2011_2015,0.0
2015-03-01_Asamblea_Legislativa-Fernandez.txt,tecnocracia,autoridad,CFK_II_2011_2015,0.0
2015-03-01_Asamblea_Legislativa-Fernandez.txt,tecnocracia,sujeto_enemigo,CFK_II_2011_2015,0.0
2015-03-01_Asamblea_Legislativa-Fernandez.txt,tecnocracia,telos,CFK_II_2011_2015,0.0
2015-03-01_Asamblea_Legislativa-Fernandez.txt,tecnocracia,sacrificio,CFK_II_2011_2015,0.0
2015-03-01_Asamblea_Legislativa-Fernandez.txt,tecnocracia,medios,CFK_II_2011_2015,0.536
2015-03-01_Asamblea_Legislativa-Fernandez.txt,tecnocracia,prueba,CFK_II_2011_2015,0.536
2015-03-01_Asamblea_Legislativa-Fernandez.txt,mesianismo,tiempo,CFK_II_2011_2015,0.0
2015-03-01_Asamblea_Legislativa-Fernandez.txt,mesianismo,problema,CFK_II_2011_2015,0.0
2015-03-01_Asamblea_Legislativa-Fernandez.txt,mesianismo,autoridad,CFK_II_2011_2015,0.0
2015-03-01_Asamblea_Legislativa-Fernandez.txt,mesianismo,sujeto_enemigo,CFK_II_2011_2015,0.0
2015-03-01_Asamblea_Legislativa-Fernandez.txt,mesianismo,telos,CFK_II_2011_2015,0.0
2015-03-01_Asamblea_Legislativa-Fernandez.txt,mesianismo,sacrificio,CFK_II_2011_2015,0.0
2015-03-01_Asamblea_Legislativa-Fernandez.txt,mesianismo,medios,CFK_II_2011_2015,0.0
2015-03-01_Asamblea_Legislativa-Fernandez.txt,mesianismo,prueba,CFK_II_2011_2015,0.0
2015-03-01_Asamblea_Legislativa-Fernandez.txt,paternalismo,tiempo,CFK_II_2011_2015,0.0
2015-03-01_Asamblea_Legislativa-Fernandez.txt,paternalismo,problema,CFK_II_2011_2015,0.0
2015-03-01_Asamblea_Legislativa-Fernandez.txt,paternalismo,autoridad,CFK_II_2011_2015,0.0
2015-03-01_Asamblea_Legislativa-Fernandez.txt,paternalismo,sujeto_enemigo,CFK_II_2011_2015,0.0
2015-03-01_Asamblea_Legislativa-Fernandez.txt,paternalismo,telos,CFK_II_2011_2015,1.25
2015-03-01_Asamblea_Legislativa-Fernandez.txt,paternalismo,sacrificio,CFK_II_2011_2015,0.0
2015-03-01_Asamblea_Legislativa-Fernandez.txt,paternalismo,medios,CFK_II_2011_2015,0.536
2015-03-01_Asamblea_Legislativa-Fernandez.txt,paternalismo,prueba,CFK_II_2011_2015,0.0
Asunción.Cristina.2007.txt,tecnocracia,tiempo,CFK_I_2007_2011,0.0
Asunción.Cristina.2007.txt,tecnocracia,problema,CFK_I_2007_2011,0.7370000000000001
Asunción.Cristina.2007.txt,tecnocracia,autoridad,CFK_I_2007_2011,0.0
Asunción.Cristina.2007.txt,tecnocracia,sujeto_enemigo,CFK_I_2007_2011,0.0
Asunción.Cristina.2007.txt,tecnocracia,telos,CFK_I_2007_2011,0.0
Asunción.Cristina.2007.txt,tecnocracia,sacrificio,CFK_I_2007_2011,0.0
Asunción.Cristina.2007.txt,tecnocracia,medios,CFK_I_2007_2011,0.536
Asunción.Cristina.2007.txt,tecnocracia,prueba,CFK_I_2007_2011,0.0
Asunción.Cristina.2007.txt,mesianismo,tiempo,CFK_I_2007_2011,0.0
Asunción.Cristina.2007.txt,mesianismo,problema,CFK_I_2007_2011,0.0
Asunción.Cristina.2007.txt,mesianismo,autoridad,CFK_I_2007_2011,1.25
Asunción.Cristina.2007.txt,mesianismo,sujeto_enemigo,CFK_I_2007_2011,0.0
Asunción.Cristina.2007.txt,mesianismo,telos,CFK_I_2007_2011,0.0
Asunción.Cristina.2007.txt,mesianismo,sacrificio,CFK_I_2007_2011,0.0
Asunción.Cristina.2007.txt,mesianismo,medios,CFK_I_2007_2011,0.0
Asunción.Cristina.2007.txt,mesianismo,prueba,CFK_I_2007_2011,0.0
Asunción.Cristina.2007.txt,paternalismo,tiempo,CFK_I_2007_2011,0.0
Asunción.Cristina.2007.txt,paternalismo,problema,CFK_I_2007_2011,0.0
Asunción.Cristina.2007.txt,paternalismo,autoridad,CFK_I_2007_2011,0.0
Asunción.Cristina.2007.txt,paternalismo,sujeto_enemigo,CFK_I_2007_2011,0.385
Asunción.Cristina.2007.txt,paternalismo,telos,CFK_I_2007_2011,1.25
Asunción.Cristina.2007.txt,paternalismo,sacrificio,CFK_I_2007_2011,0.0
Asunción.Cristina.2007.txt,paternalismo,medios,CFK_I_2007_2011,0.536
Asunción.Cristina.2007.txt,paternalismo,prueba,CFK_I_2007_2011,0.0
MENSAJE PRESIDENCIAL.2008.txt,tecnocracia,tiempo,CFK_I_2007_2011,0.0
MENSAJE PRESIDENCIAL.2008.txt,tecnocracia,problema,CFK_I_2007_2011,0.7370000000000001
MENSAJE PRESIDENCIAL.2008.txt,tecnocracia,autoridad,CFK_I_2007_2011,0.0
MENSAJE PRESIDENCIAL.2008.txt,tecnocracia,sujeto_enemigo,CFK_I_2007_2011,0.0
MENSAJE PRESIDENCIAL.2008.txt,tecnocracia,telos,CFK_I_2007_2011,0.0
MENSAJE PRESIDENCIAL.2008.txt,tecnocracia,sacrificio,CFK_I_2007_2011,0.0
MENSAJE PRESIDENCIAL.2008.txt,tecnocracia,medios,CFK_I_2007_2011,0.536
MENSAJE PRESIDENCIAL.2008.txt,tecnocracia,prueba,CFK_I_2007_2011,0.536
MENSAJE PRESIDENCIAL.2008.txt,mesianismo,tiempo,CFK_I_2007_2011,1.25
MENSAJE PRESIDENCIAL.2008.txt,mesianismo,problema,CFK_I_2007_2011,0.0
MENSAJE PRESIDENCIAL.2008.txt,mesianismo,autoridad,CFK_I_2007_2011,0.0
MENSAJE PRESIDENCIAL.2008.txt,mesianismo,sujeto_enemigo,CFK_I_2007_2011,0.0
MENSAJE PRESIDENCIAL.2008.txt,mesianismo,telos,CFK_I_2007_2011,0.0
MENSAJE PRESIDENCIAL.2008.txt,mesianismo,sacrificio,CFK_I_2007_2011,0.0
MENSAJE PRESIDENCIAL.2008.txt,mesianismo,medios,CFK_I_2007_2011,0.0
MENSAJE PRESIDENCIAL.2008.txt,mesianismo,prueba,CFK_I_2007_2011,0.0
MENSAJE PRESIDENCIAL.2008.txt,paternalismo,tiempo,CFK_I_2007_2011,0.0
MENSAJE PRESIDENCIAL.2008.txt,paternalismo,problema,CFK_I_2007_2011,0.0
MENSAJE PRESIDENCIAL.2008.txt,paternalismo,autoridad,CFK_I_2007_2011,1.25
MENSAJE PRESIDENCIAL.2008.txt,paternalismo,sujeto_enemigo,CFK_I_2007_2011,0.0
MENSAJE PRESIDENCIAL.2008.txt,paternalismo,telos,CFK_I_2007_2011,1.25
MENSAJE PRESIDENCIAL.2008.txt,paternalismo,sacrificio,CFK_I_2007_2011,0.0
MENSAJE PRESIDENCIAL.2008.txt,paternalismo,medios,CFK_I_2007_2011,0.0
MENSAJE PRESIDENCIAL.2008.txt,paternalismo,prueba,CFK_I_2007_2011,0.0
2010-03-01 Mensaje Presidencial Fernandez.txt,tecnocracia,tiempo,CFK_I_2007_2011,0.0
2010-03-01 Mensaje Presidencial Fernandez.txt,tecnocracia,problema,CFK_I_2007_2011,0.0
2010-03-01 Mensaje Presidencial Fernandez.txt,tecnocracia,autoridad,CFK_I_2007_2011,0.0
2010-03-01 Mensaje Presidencial Fernandez.txt,tecnocracia,sujeto_enemigo,CFK_I_2007_2011,0.0
2010-03-01 Mensaje Presidencial Fernandez.txt,tecnocracia,telos,CFK_I_2007_2011,0.0
2010-03-01 Mensaje Presidencial Fernandez.txt,tecnocracia,sacrificio,CFK_I_2007_2011,0.0
2010-03-01 Mensaje Presidencial Fernandez.txt,tecnocracia,medios,CFK_I_2007_2011,0.536
2010-03-01 Mensaje Presidencial Fernandez.txt,tecnocracia,prueba,CFK_I_2007_2011,0.536
2010-03-01 Mensaje Presidencial Fernandez.txt,mesianismo,tiempo,CFK_I_2007_2011,0.0
2010-03-01 Mensaje Presidencial Fernandez.txt,mesianismo,problema,CFK_I_2007_2011,0.0
2010-03-01 Mensaje Presidencial Fernandez.txt,mesianismo,autoridad,CFK_I_2007_2011,0.0
2010-03-01 Mensaje Presidencial Fernandez.txt,mesianismo,sujeto_enemigo,CFK_I_2007_2011,0.0
2010-03-01 Mensaje Presidencial Fernandez.txt,mesianismo,telos,CFK_I_2007_2011,0.0
2010-03-01 Mensaje Presidencial Fernandez.txt,mesianismo,sacrificio,CFK_I_2007_2011,0.0
2010-03-01 Mensaje Presidencial Fernandez.txt,mesianismo,medios,CFK_I_2007_2011,0.0
2010-03-01 Mensaje Presidencial Fernandez.txt,mesianismo,prueba,CFK_I_2007_2011,0.0
2010-03-01 Mensaje Presidencial Fernandez.txt,paternalismo,tiempo,CFK_I_2007_2011,0.0
2010-03-01 Mensaje Presidencial Fernandez.txt,paternalismo,problema,CFK_I_2007_2011,0.0
2010-03-01 Mensaje Presidencial Fernandez.txt,paternalismo,autoridad,CFK_I_2007_2011,0.0
2010-03-01 Mensaje Presidencial Fernandez.txt,paternalismo,sujeto_enemigo,CFK_I_2007_2011,0.0
2010-03-01 Mensaje Presidencial Fernandez.txt,paternalismo,telos,CFK_I_2007_2011,1.25
2010-03-01 Mensaje Presidencial Fernandez.txt,paternalismo,sacrificio,CFK_I_2007_2011,0.0
2010-03-01 Mensaje Presidencial Fernandez.txt,paternalismo,medios,CFK_I_2007_2011,0.536
2010-03-01 Mensaje Presidencial Fernandez.txt,paternalismo,prueba,CFK_I_2007_2011,0.0
2011-03-01 Mensaje Presidencial Fernandez.txt,tecnocracia,tiempo,CFK_I_2007_2011,0.0
2011-03-01 Mensaje Presidencial Fernandez.txt,tecnocracia,problema,CFK_I_2007_2011,0.0
2011-03-01 Mensaje Presidencial Fernandez.txt,tecnocracia,autoridad,CFK_I_2007_2011,0.0
2011-03-01 Mensaje Presidencial Fernandez.txt,tecnocracia,sujeto_enemigo,CFK_I_2007_2011,0.0
2011-03-01 Mensaje Presidencial Fernandez.txt,tecnocracia,telos,CFK_I_2007_2011,0.0
2011-03-01 Mensaje Presidencial Fernandez.txt,tecnocracia,sacrificio,CFK_I_2007_2011,0.0
2011-03-01 Mensaje Presidencial Fernandez.txt,tecnocracia,medios,CFK_I_2007_2011,0.536
2011-03-01 Mensaje Presidencial Fernandez.txt,tecnocracia,prueba,CFK_I_2007_2011,0.536
2011-03-01 Mensaje Presidencial Fernandez.txt,mesianismo,tiempo,CFK_I_2007_2011,0.0
2011-03-01 Mensaje Presidencial Fernandez.txt,mesianismo,problema,CFK_I_2007_2011,0.0
2011-03-01 Mensaje Presidencial Fernandez.txt,mesianismo,autoridad,CFK_I_2007_2011,0.0
2011-03-01 Mensaje Presidencial Fernandez.txt,mesianismo,sujeto_enemigo,CFK_I_2007_2011,0.0
2011-03-01 Mensaje Presidencial Fernandez.txt,mesianismo,telos,CFK_I_2007_2011,0.0
2011-03-01 Mensaje Presidencial Fernandez.txt,mesianismo,sacrificio,CFK_I_2007_2011,0.0
2011-03-01 Mensaje Presidencial Fernandez.txt,mesianismo,medios,CFK_I_2007_2011,0.0
2011-03-01 Mensaje Presidencial Fernandez.txt,mesianismo,prueba,CFK_I_2007_2011,0.0
2011-03-01 Mensaje Presidencial Fernandez.txt,paternalismo,tiempo,CFK_I_2007_2011,0.0
2011-03-01 Mensaje Presidencial Fernandez.txt,paternalismo,problema,CFK_I_2007_2011,0.0
2011-03-01 Mensaje Presidencial Fernandez.txt,paternalismo,autoridad,CFK_I_2007_2011,0.0
2011-03-01 Mensaje Presidencial Fernandez.txt,paternalismo,sujeto_enemigo,CFK_I_2007_2011,1.1
2011-03-01 Mensaje Presidencial Fernandez.txt,paternalismo,telos,CFK_I_2007_2011,1.25
2011-03-01 Mensaje Presidencial Fernandez.txt,paternalismo,sacrificio,CFK_I_2007_2011,0.0
2011-03-01 Mensaje Presidencial Fernandez.txt,paternalismo,medios,CFK_I_2007_2011,0.536
2011-03-01 Mensaje Presidencial Fernandez.txt,paternalismo,prueba,CFK_I_2007_2011,0.0
1999-12-10_Mensaje_presidencial_de_la_Rua_Asuncixn.txt,tecnocracia,tiempo,DELARUA_1999_2001,0.0
1999-12-10_Mensaje_presidencial_de_la_Rua_Asuncixn.txt,tecnocracia,problema,DELARUA_1999_2001,0.7370000000000001
1999-12-10_Mensaje_presidencial_de_la_Rua_Asuncixn.txt,tecnocracia,autoridad,DELARUA_1999_2001,0.0
1999-12-10_Mensaje_presidencial_de_la_Rua_Asuncixn.txt,tecnocracia,sujeto_enemigo,DELARUA_1999_2001,0.0
1999-12-10_Mensaje_presidencial_de_la_Rua_Asuncixn.txt,tecnocracia,telos,DELARUA_1999_2001,0.0
1999-12-10_Mensaje_presidencial_de_la_Rua_Asuncixn.txt,tecnocracia,sacrificio,DELARUA_1999_2001,0.0
1999-12-10_Mensaje_presidencial_de_la_Rua_Asuncixn.txt,tecnocracia,medios,DELARUA_1999_2001,0.536
1999-12-10_Mensaje_presidencial_de_la_Rua_Asuncixn.txt,tecnocracia,prueba,DELARUA_1999_2001,0.0
1999-12-10_Mensaje_presidencial_de_la_Rua_Asuncixn.txt,mesianismo,tiempo,DELARUA_1999_2001,0.0
1999-12-10_Mensaje_presidencial_de_la_Rua_Asuncixn.txt,mesianismo,problema,DELARUA_1999_2001,0.0
1999-12-10_Mensaje_presidencial_de_la_Rua_Asuncixn.txt,mesianismo,autoridad,DELARUA_1999_2001,1.25
1999-12-10_Mensaje_presidencial_de_la_Rua_Asuncixn.txt,mesianismo,sujeto_enemigo,DELARUA_1999_2001,0.0
1999-12-10_Mensaje_presidencial_de_la_Rua_Asuncixn.txt,mesianismo,telos,DELARUA_1999_2001,0.0
1999-12-10_Mensaje_presidencial_de_la_Rua_Asuncixn.txt,mesianismo,sacrificio,DELARUA_1999_2001,0.0
1999-12-10_Mensaje_presidencial_de_la_Rua_Asuncixn.txt,mesianismo,medios,DELARUA_1999_2001,0.0
1999-12-10_Mensaje_presidencial_de_la_Rua_Asuncixn.txt,mesianismo,prueba,DELARUA_1999_2001,0.0
1999-12-10_Mensaje_presidencial_de_la_Rua_Asuncixn.txt,paternalismo,tiempo,DELARUA_1999_2001,0.0
1999-12-10_Mensaje_presidencial_de_la_Rua_Asuncixn.txt,paternalismo,problema,DELARUA_1999_2001,0.0
1999-12-10_Mensaje_presidencial_de_la_Rua_Asuncixn.txt,paternalismo,autoridad,DELARUA_1999_2001,0.0
1999-12-10_Mensaje_presidencial_de_la_Rua_Asuncixn.txt,paternalismo,sujeto_enemigo,DELARUA_1999_2001,0.21175000000000002
1999-12-10_Mensaje_presidencial_de_la_Rua_Asuncixn.txt,paternalismo,telos,DELARUA_1999_2001,1.25
1999-12-10_Mensaje_presidencial_de_la_Rua_Asuncixn.txt,paternalismo,sacrificio,DELARUA_1999_2001,0.0
1999-12-10_Mensaje_presidencial_de_la_Rua_Asuncixn.txt,paternalismo,medios,DELARUA_1999_2001,0.536
1999-12-10_Mensaje_presidencial_de_la_Rua_Asuncixn.txt,paternalismo,prueba,DELARUA_1999_2001,0.0
2000-03-01_Mensaje_Presidencial_de_la_Rua.txt,tecnocracia,tiempo,DELARUA_1999_2001,0.0
2000-03-01_Mensaje_Presidencial_de_la_Rua.txt,tecnocracia,problema,DELARUA_1999_2001,0.7370000000000001
2000-03-01_Mensaje_Presidencial_de_la_Rua.txt,tecnocracia,autoridad,DELARUA_1999_2001,0.0
2000-03-01_Mensaje_Presidencial_de_la_Rua.txt,tecnocracia,sujeto_enemigo,DELARUA_1999_2001,0.0
2000-03-01_Mensaje_Presidencial_de_la_Rua.txt,tecnocracia,telos,DELARUA_1999_2001,0.0
2000-03-01_Mensaje_Presidencial_de_la_Rua.txt,tecnocracia,sacrificio,DELARUA_1999_2001,0.0
2000-03-01_Mensaje_Presidencial_de_la_Rua.txt,tecnocracia,medios,DELARUA_1999_2001,0.536
2000-03-01_Mensaje_Presidencial_de_la_Rua.txt,tecnocracia,prueba,DELARUA_1999_2001,0.536
2000-03-01_Mensaje_Presidencial_de_la_Rua.txt,mesianismo,tiempo,DELARUA_1999_2001,0.0
2000-03-01_Mensaje_Presidencial_de_la_Rua.txt,mesianismo,problema,DELARUA_1999_2001,0.0
2000-03-01_Mensaje_Presidencial_de_la_Rua.txt,mesianismo,autoridad,DELARUA_1999_2001,0.0
2000-03-01_Mensaje_Presidencial_de_la_Rua.txt,mesianismo,sujeto_enemigo,DELARUA_1999_2001,0.0
2000-03-01_Mensaje_Presidencial_de_la_Rua.txt,mesianismo,telos,DELARUA_1999_2001,0.0
2000-03-01_Mensaje_Presidencial_de_la_Rua.txt,mesianismo,sacrificio,DELARUA_1999_2001,0.0
2000-03-01_Mensaje_Presidencial_de_la_Rua.txt,mesianismo,medios,DELARUA_1999_2001,0.0
2000-03-01_Mensaje_Presidencial_de_la_Rua.txt,mesianismo,prueba,DELARUA_1999_2001,0.0
2000-03-01_Mensaje_Presidencial_de_la_Rua.txt,paternalismo,tiempo,DELARUA_1999_2001,0.0
2000-03-01_Mensaje_Presidencial_de_la_Rua.txt,paternalismo,problema,DELARUA_1999_2001,0.0
2000-03-01_Mensaje_Presidencial_de_la_Rua.txt,paternalismo,autoridad,DELARUA_1999_2001,0.0
2000-03-01_Mensaje_Presidencial_de_la_Rua.txt,paternalismo,sujeto_enemigo,DELARUA_1999_2001,0.21175000000000002
2000-03-01_Mensaje_Presidencial_de_la_Rua.txt,paternalismo,telos,DELARUA_1999_2001,1.25
2000-03-01_Mensaje_Presidencial_de_la_Rua.txt,paternalismo,sacrificio,DELARUA_1999_2001,0.0
2000-03-01_Mensaje_Presidencial_de_la_Rua.txt,paternalismo,medios,DELARUA_1999_2001,0.536
2000-03-01_Mensaje_Presidencial_de_la_Rua.txt,paternalismo,prueba,DELARUA_1999_2001,0.0
2001-03-01_Mensaje_Presidencial_de_la_Rua.txt,tecnocracia,tiempo,DELARUA_1999_2001,0.0
2001-03-01_Mensaje_Presidencial_de_la_Rua.txt,tecnocracia,problema,DELARUA_1999_2001,0.7370000000000001
2001-03-01_Mensaje_Presidencial_de_la_Rua.txt,tecnocracia,autoridad,DELARUA_1999_2001,0.0
2001-03-01_Mensaje_Presidencial_de_la_Rua.txt,tecnocracia,sujeto_enemigo,DELARUA_1999_2001,0.0
2001-03-01_Mensaje_Presidencial_de_la_Rua.txt,tecnocracia,telos,DELARUA_1999_2001,0.0
2001-03-01_Mensaje_Presidencial_de_la_Rua.txt,tecnocracia,sacrificio,DELARUA_1999_2001,0.0
2001-03-01_Mensaje_Presidencial_de_la_Rua.txt,tecnocracia,medios,DELARUA_1999_2001,0.536
2001-03-01_Mensaje_Presidencial_de_la_Rua.txt,tecnocracia,prueba,DELARUA_1999_2001,0.536
2001-03-01_Mensaje_Presidencial_de_la_Rua.txt,mesianismo,tiempo,DELARUA_1999_2001,0.0
2001-03-01_Mensaje_Presidencial_de_la_Rua.txt,mesianismo,problema,DELARUA_1999_2001,0.0
2001-03-01_Mensaje_Presidencial_de_la_Rua.txt,mesianismo,autoridad,DELARUA_1999_2001,1.25
2001-03-01_Mensaje_Presidencial_de_la_Rua.txt,mesianismo,sujeto_enemigo,DELARUA_1999_2001,0.0
2001-03-01_Mensaje_Presidencial_de_la_Rua.txt,mesianismo,telos,DELARUA_1999_2001,1.25
2001-03-01_Mensaje_Presidencial_de_la_Rua.txt,mesianismo,sacrificio,DELARUA_1999_2001,0.0
2001-03-01_Mensaje_Presidencial_de_la_Rua.txt,mesianismo,medios,DELARUA_1999_2001,0.0
2001-03-01_Mensaje_Presidencial_de_la_Rua.txt,mesianismo,prueba,DELARUA_1999_2001,0.0
2001-03-01_Mensaje_Presidencial_de_la_Rua.txt,paternalismo,tiempo,DELARUA_1999_2001,0.0
2001-03-01_Mensaje_Presidencial_de_la_Rua.txt,paternalismo,problema,DELARUA_1999_2001,0.0
2001-03-01_Mensaje_Presidencial_de_la_Rua.txt,paternalismo,autoridad,DELARUA_1999_2001,0.0
2001-03-01_Mensaje_Presidencial_de_la_Rua.txt,paternalismo,sujeto_enemigo,DELARUA_1999_2001,0.0
2001-03-01_Mensaje_Presidencial_de_la_Rua.txt,paternalismo,telos,DELARUA_1999_2001,1.25
2001-03-01_Mensaje_Presidencial_de_la_Rua.txt,paternalismo,sacrificio,DELARUA_1999_2001,0.0
2001-03-01_Mensaje_Presidencial_de_la_Rua.txt,paternalismo,medios,DELARUA_1999_2001,0.536
2001-03-01_Mensaje_Presidencial_de_la_Rua.txt,paternalismo,prueba,DELARUA_1999_2001,0.0
2002-01-01_Mensaje_Presidencial_Duhalde_Asuncixn.txt,tecnocracia,tiempo,DUHALDE_2002_2003,0.0
2002-01-01_Mensaje_Presidencial_Duhalde_Asuncixn.txt,tecnocracia,problema,DUHALDE_2002_2003,0.7370000000000001
2002-01-01_Mensaje_Presidencial_Duhalde_Asuncixn.txt,tecnocracia,autoridad,DUHALDE_2002_2003,0.0
2002-01-01_Mensaje_Presidencial_Duhalde_Asuncixn.txt,tecnocracia,sujeto_enemigo,DUHALDE_2002_2003,0.0
2002-01-01_Mensaje_Presidencial_Duhalde_Asuncixn.txt,tecnocracia,telos,DUHALDE_2002_2003,0.0
2002-01-01_Mensaje_Presidencial_Duhalde_Asuncixn.txt,tecnocracia,sacrificio,DUHALDE_2002_2003,0.0
2002-01-01_Mensaje_Presidencial_Duhalde_Asuncixn.txt,tecnocracia,medios,DUHALDE_2002_2003,0.536
2002-01-01_Mensaje_Presidencial_Duhalde_Asuncixn.txt,tecnocracia,prueba,DUHALDE_2002_2003,0.536
2002-01-01_Mensaje_Presidencial_Duhalde_Asuncixn.txt,mesianismo,tiempo,DUHALDE_2002_2003,0.0
2002-01-01_Mensaje_Presidencial_Duhalde_Asuncixn.txt,mesianismo,problema,DUHALDE_2002_2003,0.0
2002-01-01_Mensaje_Presidencial_Duhalde_Asuncixn.txt,mesianismo,autoridad,DUHALDE_2002_2003,0.0
2002-01-01_Mensaje_Presidencial_Duhalde_Asuncixn.txt,mesianismo,sujeto_enemigo,DUHALDE_2002_2003,0.0
2002-01-01_Mensaje_Presidencial_Duhalde_Asuncixn.txt,mesianismo,telos,DUHALDE_2002_2003,1.25
2002-01-01_Mensaje_Presidencial_Duhalde_Asuncixn.txt,mesianismo,sacrificio,DUHALDE_2002_2003,0.0
2002-01-01_Mensaje_Presidencial_Duhalde_Asuncixn.txt,mesianismo,medios,DUHALDE_2002_2003,0.0
2002-01-01_Mensaje_Presidencial_Duhalde_Asuncixn.txt,mesianismo,prueba,DUHALDE_2002_2003,0.0
2002-01-01_Mensaje_Presidencial_Duhalde_Asuncixn.txt,paternalismo,tiempo,DUHALDE_2002_2003,0.0
2002-01-01_Mensaje_Presidencial_Duhalde_Asuncixn.txt,paternalismo,problema,DUHALDE_2002_2003,0.0
2002-01-01_Mensaje_Presidencial_Duhalde_Asuncixn.txt,paternalismo,autoridad,DUHALDE_2002_2003,0.0
2002-01-01_Mensaje_Presidencial_Duhalde_Asuncixn.txt,paternalismo,sujeto_enemigo,DUHALDE_2002_2003,0.0
2002-01-01_Mensaje_Presidencial_Duhalde_Asuncixn.txt,paternalismo,telos,DUHALDE_2002_2003,1.25
2002-01-01_Mensaje_Presidencial_Duhalde_Asuncixn.txt,paternalismo,sacrificio,DUHALDE_2002_2003,0.0
2002-01-01_Mensaje_Presidencial_Duhalde_Asuncixn.txt,paternalismo,medios,DUHALDE_2002_2003,0.0
2002-01-01_Mensaje_Presidencial_Duhalde_Asuncixn.txt,paternalismo,prueba,DUHALDE_2002_2003,0.0
2002-03-01_Mensaje_Presidencial_Duhalde.txt,tecnocracia,tiempo,DUHALDE_2002_2003,0.0
2002-03-01_Mensaje_Presidencial_Duhalde.txt,tecnocracia,problema,DUHALDE_2002_2003,0.7370000000000001
2002-03-01_Mensaje_Presidencial_Duhalde.txt,tecnocracia,autoridad,DUHALDE_2002_2003,0.0
2002-03-01_Mensaje_Presidencial_Duhalde.txt,tecnocracia,sujeto_enemigo,DUHALDE_2002_2003,0.0
2002-03-01_Mensaje_Presidencial_Duhalde.txt,tecnocracia,telos,DUHALDE_2002_2003,0.0
2002-03-01_Mensaje_Presidencial_Duhalde.txt,tecnocracia,sacrificio,DUHALDE_2002_2003,0.0
2002-03-01_Mensaje_Presidencial_Duhalde.txt,tecnocracia,medios,DUHALDE_2002_2003,0.536
2002-03-01_Mensaje_Presidencial_Duhalde.txt,tecnocracia,prueba,DUHALDE_2002_2003,0.0
2002-03-01_Mensaje_Presidencial_Duhalde.txt,mesianismo,tiempo,DUHALDE_2002_2003,1.25
2002-03-01_Mensaje_Presidencial_Duhalde.txt,mesianismo,problema,DUHALDE_2002_2003,0.0
2002-03-01_Mensaje_Presidencial_Duhalde.txt,mesianismo,autoridad,DUHALDE_2002_2003,0.0
2002-03-01_Mensaje_Presidencial_Duhalde.txt,mesianismo,sujeto_enemigo,DUHALDE_2002_2003,0.0
2002-03-01_Mensaje_Presidencial_Duhalde.txt,mesianismo,telos,DUHALDE_2002_2003,0.0
2002-03-01_Mensaje_Presidencial_Duhalde.txt,mesianismo,sacrificio,DUHALDE_2002_2003,0.0
2002-03-01_Mensaje_Presidencial_Duhalde.txt,mesianismo,medios,DUHALDE_2002_2003,0.0
2002-03-01_Mensaje_Presidencial_Duhalde.txt,mesianismo,prueba,DUHALDE_2002_2003,0.0
2002-03-01_Mensaje_Presidencial_Duhalde.txt,paternalismo,tiempo,DUHALDE_2002_2003,0.0
2002-03-01_Mensaje_Presidencial_Duhalde.txt,paternalismo,problema,DUHALDE_2002_2003,0.0
2002-03-01_Mensaje_Presidencial_Duhalde.txt,paternalismo,autoridad,DUHALDE_2002_2003,0.0
2002-03-01_Mensaje_Presidencial_Duhalde.txt,paternalismo,sujeto_enemigo,DUHALDE_2002_2003,0.21175000000000002
2002-03-01_Mensaje_Presidencial_Duhalde.txt,paternalismo,telos,DUHALDE_2002_2003,1.25
2002-03-01_Mensaje_Presidencial_Duhalde.txt,paternalismo,sacrificio,DUHALDE_2002_2003,0.0
2002-03-01_Mensaje_Presidencial_Duhalde.txt,paternalismo,medios,DUHALDE_2002_2003,0.536
2002-03-01_Mensaje_Presidencial_Duhalde.txt,paternalismo,prueba,DUHALDE_2002_2003,0.0
2003-03-01_Mensaje_Presidencial_Duhalde.txt,tecnocracia,tiempo,DUHALDE_2002_2003,0.0
2003-03-01_Mensaje_Presidencial_Duhalde.txt,tecnocracia,problema,DUHALDE_2002_2003,0.0
2003-03-01_Mensaje_Presidencial_Duhalde.txt,tecnocracia,autoridad,DUHALDE_2002_2003,0.0
2003-03-01_Mensaje_Presidencial_Duhalde.txt,tecnocracia,sujeto_enemigo,DUHALDE_2002_2003,0.0
2003-03-01_Mensaje_Presidencial_Duhalde.txt,tecnocracia,telos,DUHALDE_2002_2003,0.0
2003-03-01_Mensaje_Presidencial_Duhalde.txt,tecnocracia,sacrificio,DUHALDE_2002_2003,0.0
2003-03-01_Mensaje_Presidencial_Duhalde.txt,tecnocracia,medios,DUHALDE_2002_2003,0.0
2003-03-01_Mensaje_Presidencial_Duhalde.txt,tecnocracia,prueba,DUHALDE_2002_2003,0.536
2003-03-01_Mensaje_Presidencial_Duhalde.txt,mesianismo,tiempo,DUHALDE_2002_2003,1.25
2003-03-01_Mensaje_Presidencial_Duhalde.txt,mesianismo,problema,DUHALDE_2002_2003,0.0
2003-03-01_Mensaje_Presidencial_Duhalde.txt,mesianismo,autoridad,DUHALDE_2002_2003,0.0
2003-03-01_Mensaje_Presidencial_Duhalde.txt,mesianismo,sujeto_enemigo,DUHALDE_2002_2003,0.0
2003-03-01_Mensaje_Presidencial_Duhalde.txt,mesianismo,telos,DUHALDE_2002_2003,0.0
2003-03-01_Mensaje_Presidencial_Duhalde.txt,mesianismo,sacrificio,DUHALDE_2002_2003,0.0
2003-03-01_Mensaje_Presidencial_Duhalde.txt,mesianismo,medios,DUHALDE_2002_2003,0.0
2003-03-01_Mensaje_Presidencial_Duhalde.txt,mesianismo,prueba,DUHALDE_2002_2003,0.0
2003-03-01_Mensaje_Presidencial_Duhalde.txt,paternalismo,tiempo,DUHALDE_2002_2003,0.0
2003-03-01_Mensaje_Presidencial_Duhalde.txt,paternalismo,problema,DUHALDE_2002_2003,0.0
2003-03-01_Mensaje_Presidencial_Duhalde.txt,paternalismo,autoridad,DUHALDE_2002_2003,0.0
2003-03-01_Mensaje_Presidencial_Duhalde.txt,paternalismo,sujeto_enemigo,DUHALDE_2002_2003,0.0
2003-03-01_Mensaje_Presidencial_Duhalde.txt,paternalismo,telos,DUHALDE_2002_2003,1.25
2003-03-01_Mensaje_Presidencial_Duhalde.txt,paternalismo,sacrificio,DUHALDE_2002_2003,0.0
2003-03-01_Mensaje_Presidencial_Duhalde.txt,paternalismo,medios,DUHALDE_2002_2003,0.536
2003-03-01_Mensaje_Presidencial_Duhalde.txt,paternalismo,prueba,DUHALDE_2002_2003,0.0
2003-05-25_Mensaje_Presidencial_Kirchner_Asuncixn.txt,tecnocracia,tiempo,KIRCHNER_2003_2007,0.0
2003-05-25_Mensaje_Presidencial_Kirchner_Asuncixn.txt,tecnocracia,problema,KIRCHNER_2003_2007,0.7370000000000001
2003-05-25_Mensaje_Presidencial_Kirchner_Asuncixn.txt,tecnocracia,autoridad,KIRCHNER_2003_2007,0.0
2003-05-25_Mensaje_Presidencial_Kirchner_Asuncixn.txt,tecnocracia,sujeto_enemigo,KIRCHNER_2003_2007,0.0
2003-05-25_Mensaje_Presidencial_Kirchner_Asuncixn.txt,tecnocracia,telos,KIRCHNER_2003_2007,0.0
2003-05-25_Mensaje_Presidencial_Kirchner_Asuncixn.txt,tecnocracia,sacrificio,KIRCHNER_2003_2007,0.0
2003-05-25_Mensaje_Presidencial_Kirchner_Asuncixn.txt,tecnocracia,medios,KIRCHNER_2003_2007,0.536
2003-05-25_Mensaje_Presidencial_Kirchner_Asuncixn.txt,tecnocracia,prueba,KIRCHNER_2003_2007,0.0
2003-05-25_Mensaje_Presidencial_Kirchner_Asuncixn.txt,mesianismo,tiempo,KIRCHNER_2003_2007,0.0
2003-05-25_Mensaje_Presidencial_Kirchner_Asuncixn.txt,mesianismo,problema,KIRCHNER_2003_2007,0.0
2003-05-25_Mensaje_Presidencial_Kirchner_Asuncixn.txt,mesianismo,autoridad,KIRCHNER_2003_2007,1.25
2003-05-25_Mensaje_Presidencial_Kirchner_Asuncixn.txt,mesianismo,sujeto_enemigo,KIRCHNER_2003_2007,0.0
2003-05-25_Mensaje_Presidencial_Kirchner_Asuncixn.txt,mesianismo,telos,KIRCHNER_2003_2007,0.0
2003-05-25_Mensaje_Presidencial_Kirchner_Asuncixn.txt,mesianismo,sacrificio,KIRCHNER_2003_2007,0.0
2003-05-25_Mensaje_Presidencial_Kirchner_Asuncixn.txt,mesianismo,medios,KIRCHNER_2003_2007,0.0
2003-05-25_Mensaje_Presidencial_Kirchner_Asuncixn.txt,mesianismo,prueba,KIRCHNER_2003_2007,0.0
2003-05-25_Mensaje_Presidencial_Kirchner_Asuncixn.txt,paternalismo,tiempo,KIRCHNER_2003_2007,0.0
2003-05-25_Mensaje_Presidencial_Kirchner_Asuncixn.txt,paternalismo,problema,KIRCHNER_2003_2007,0.0
2003-05-25_Mensaje_Presidencial_Kirchner_Asuncixn.txt,paternalismo,autoridad,KIRCHNER_2003_2007,0.0
2003-05-25_Mensaje_Presidencial_Kirchner_Asuncixn.txt,paternalismo,sujeto_enemigo,KIRCHNER_2003_2007,0.0
2003-05-25_Mensaje_Presidencial_Kirchner_Asuncixn.txt,paternalismo,telos,KIRCHNER_2003_2007,1.25
2003-05-25_Mensaje_Presidencial_Kirchner_Asuncixn.txt,paternalismo,sacrificio,KIRCHNER_2003_2007,0.0
2003-05-25_Mensaje_Presidencial_Kirchner_Asuncixn.txt,paternalismo,medios,KIRCHNER_2003_2007,0.536
2003-05-25_Mensaje_Presidencial_Kirchner_Asuncixn.txt,paternalismo,prueba,KIRCHNER_2003_2007,0.0
2004-03-01_Mensaje_Presidencial_Kirchner.txt,tecnocracia,tiempo,KIRCHNER_2003_2007,0.0
2004-03-01_Mensaje_Presidencial_Kirchner.txt,tecnocracia,problema,KIRCHNER_2003_2007,0.7370000000000001
2004-03-01_Mensaje_Presidencial_Kirchner.txt,tecnocracia,autoridad,KIRCHNER_2003_2007,0.0
2004-03-01_Mensaje_Presidencial_Kirchner.txt,tecnocracia,sujeto_enemigo,KIRCHNER_2003_2007,0.0
2004-03-01_Mensaje_Presidencial_Kirchner.txt,tecnocracia,telos,KIRCHNER_2003_2007,0.0
2004-03-01_Mensaje_Presidencial_Kirchner.txt,tecnocracia,sacrificio,KIRCHNER_2003_2007,0.0
2004-03-01_Mensaje_Presidencial_Kirchner.txt,tecnocracia,medios,KIRCHNER_2003_2007,0.536
2004-03-01_Mensaje_Presidencial_Kirchner.txt,tecnocracia,prueba,KIRCHNER_2003_2007,0.536
2004-03-01_Mensaje_Presidencial_Kirchner.txt,mesianismo,tiempo,KIRCHNER_2003_2007,0.0
2004-03-01_Mensaje_Presidencial_Kirchner.txt,mesianismo,problema,KIRCHNER_2003_2007,0.0
2004-03-01_Mensaje_Presidencial_Kirchner.txt,mesianismo,autoridad,KIRCHNER_2003_2007,0.0
2004-03-01_Mensaje_Presidencial_Kirchner.txt,mesianismo,sujeto_enemigo,KIRCHNER_2003_2007,0.0
2004-03-01_Mensaje_Presidencial_Kirchner.txt,mesianismo,telos,KIRCHNER_2003_2007,0.0
2004-03-01_Mensaje_Presidencial_Kirchner.txt,mesianismo,sacrificio,KIRCHNER_2003_2007,0.0
2004-03-01_Mensaje_Presidencial_Kirchner.txt,mesianismo,medios,KIRCHNER_2003_2007,0.0
2004-03-01_Mensaje_Presidencial_Kirchner.txt,mesianismo,prueba,KIRCHNER_2003_2007,0.0
2004-03-01_Mensaje_Presidencial_Kirchner.txt,paternalismo,tiempo,KIRCHNER_2003_2007,0.0
2004-03-01_Mensaje_Presidencial_Kirchner.txt,paternalismo,problema,KIRCHNER_2003_2007,0.0
2004-03-01_Mensaje_Presidencial_Kirchner.txt,paternalismo,autoridad,KIRCHNER_2003_2007,0.0
2004-03-01_Mensaje_Presidencial_Kirchner.txt,paternalismo,sujeto_enemigo,KIRCHNER_2003_2007,0.0
2004-03-01_Mensaje_Presidencial_Kirchner.txt,paternalismo,telos,KIRCHNER_2003_2007,1.25
2004-03-01_Mensaje_Presidencial_Kirchner.txt,paternalismo,sacrificio,KIRCHNER_2003_2007,0.0
2004-03-01_Mensaje_Presidencial_Kirchner.txt,paternalismo,medios,KIRCHNER_2003_2007,0.536
2004-03-01_Mensaje_Presidencial_Kirchner.txt,paternalismo,prueba,KIRCHNER_2003_2007,0.0
2005-03-01_Mensaje_Presidencial_Kirchner.txt,tecnocracia,tiempo,KIRCHNER_2003_2007,0.0
2005-03-01_Mensaje_Presidencial_Kirchner.txt,tecnocracia,problema,KIRCHNER_2003_2007,0.7370000000000001
2005-03-01_Mensaje_Presidencial_Kirchner.txt,tecnocracia,autoridad,KIRCHNER_2003_2007,0.0
2005-03-01_Mensaje_Presidencial_Kirchner.txt,tecnocracia,sujeto_enemigo,KIRCHNER_2003_2007,0.0
2005-03-01_Mensaje_Presidencial_Kirchner.txt,tecnocracia,telos,KIRCHNER_2003_2007,0.0
2005-03-01_Mensaje_Presidencial_Kirchner.txt,tecnocracia,sacrificio,KIRCHNER_2003_2007,0.0
2005-03-01_Mensaje_Presidencial_Kirchner.txt,tecnocracia,medios,KIRCHNER_2003_2007,0.536
2005-03-01_Mensaje_Presidencial_Kirchner.txt,tecnocracia,prueba,KIRCHNER_2003_2007,0.536
2005-03-01_Mensaje_Presidencial_Kirchner.txt,mesianismo,tiempo,KIRCHNER_2003_2007,1.25
2005-03-01_Mensaje_Presidencial_Kirchner.txt,mesianismo,problema,KIRCHNER_2003_2007,0.0
2005-03-01_Mensaje_Presidencial_Kirchner.txt,mesianismo,autoridad,KIRCHNER_2003_2007,0.0
2005-03-01_Mensaje_Presidencial_Kirchner.txt,mesianismo,sujeto_enemigo,KIRCHNER_2003_2007,0.0
2005-03-01_Mensaje_Presidencial_Kirchner.txt,mesianismo,telos,KIRCHNER_2003_2007,0.0
2005-03-01_Mensaje_Presidencial_Kirchner.txt,mesianismo,sacrificio,KIRCHNER_2003_2007,0.0
2005-03-01_Mensaje_Presidencial_Kirchner.txt,mesianismo,medios,KIRCHNER_2003_2007,0.0
2005-03-01_Mensaje_Presidencial_Kirchner.txt,mesianismo,prueba,KIRCHNER_2003_2007,0.0
2005-03-01_Mensaje_Presidencial_Kirchner.txt,paternalismo,tiempo,KIRCHNER_2003_2007,0.0
2005-03-01_Mensaje_Presidencial_Kirchner.txt,paternalismo,problema,KIRCHNER_2003_2007,0.0
2005-03-01_Mensaje_Presidencial_Kirchner.txt,paternalismo,autoridad,KIRCHNER_2003_2007,0.0
2005-03-01_Mensaje_Presidencial_Kirchner.txt,paternalismo,sujeto_enemigo,KIRCHNER_2003_2007,0.21175000000000002
2005-03-01_Mensaje_Presidencial_Kirchner.txt,paternalismo,telos,KIRCHNER_2003_2007,1.25
2005-03-01_Mensaje_Presidencial_Kirchner.txt,paternalismo,sacrificio,KIRCHNER_2003_2007,0.0
2005-03-01_Mensaje_Presidencial_Kirchner.txt,paternalismo,medios,KIRCHNER_2003_2007,0.536
2005-03-01_Mensaje_Presidencial_Kirchner.txt,paternalismo,prueba,KIRCHNER_2003_2007,0.0
2006-03-01_Mensaje_Presidencial_Kirchner.txt,tecnocracia,tiempo,KIRCHNER_2003_2007,0.0
2006-03-01_Mensaje_Presidencial_Kirchner.txt,tecnocracia,problema,KIRCHNER_2003_2007,0.7370000000000001
2006-03-01_Mensaje_Presidencial_Kirchner.txt,tecnocracia,autoridad,KIRCHNER_2003_2007,0.0
2006-03-01_Mensaje_Presidencial_Kirchner.txt,tecnocracia,sujeto_enemigo,KIRCHNER_2003_2007,0.0
2006-03-01_Mensaje_Presidencial_Kirchner.txt,tecnocracia,telos,KIRCHNER_2003_2007,0.0
2006-03-01_Mensaje_Presidencial_Kirchner.txt,tecnocracia,sacrificio,KIRCHNER_2003_2007,0.0
2006-03-01_Mensaje_Presidencial_Kirchner.txt,tecnocracia,medios,KIRCHNER_2003_2007,0.536
2006-03-01_Mensaje_Presidencial_Kirchner.txt,tecnocracia,prueba,KIRCHNER_2003_2007,0.536
2006-03-01_Mensaje_Presidencial_Kirchner.txt,mesianismo,tiempo,KIRCHNER_2003_2007,1.25
2006-03-01_Mensaje_Presidencial_Kirchner.txt,mesianismo,problema,KIRCHNER_2003_2007,0.0
2006-03-01_Mensaje_Presidencial_Kirchner.txt,mesianismo,autoridad,KIRCHNER_2003_2007,0.0
2006-03-01_Mensaje_Presidencial_Kirchner.txt,mesianismo,sujeto_enemigo,KIRCHNER_2003_2007,0.0
2006-03-01_Mensaje_Presidencial_Kirchner.txt,mesianismo,telos,KIRCHNER_2003_2007,0.0
2006-03-01_Mensaje_Presidencial_Kirchner.txt,mesianismo,sacrificio,KIRCHNER_2003_2007,0.0
2006-03-01_Mensaje_Presidencial_Kirchner.txt,mesianismo,medios,KIRCHNER_2003_2007,0.0
2006-03-01_Mensaje_Presidencial_Kirchner.txt,mesianismo,prueba,KIRCHNER_2003_2007,0.0
2006-03-01_Mensaje_Presidencial_Kirchner.txt,paternalismo,tiempo,KIRCHNER_2003_2007,0.0
2006-03-01_Mensaje_Presidencial_Kirchner.txt,paternalismo,problema,KIRCHNER_2003_2007,0.0
2006-03-01_Mensaje_Presidencial_Kirchner.txt,paternalismo,autoridad,KIRCHNER_2003_2007,0.0
2006-03-01_Mensaje_Presidencial_Kirchner.txt,paternalismo,sujeto_enemigo,KIRCHNER_2003_2007,1.1
2006-03-01_Mensaje_Presidencial_Kirchner.txt,paternalismo,telos,KIRCHNER_2003_2007,1.25
2006-03-01_Mensaje_Presidencial_Kirchner.txt,paternalismo,sacrificio,KIRCHNER_2003_2007,0.0
2006-03-01_Mensaje_Presidencial_Kirchner.txt,paternalismo,medios,KIRCHNER_2003_2007,0.536
2006-03-01_Mensaje_Presidencial_Kirchner.txt,paternalismo,prueba,KIRCHNER_2003_2007,0.0
2007-03-01_Mensaje_Presidencial_Kirchner.txt,tecnocracia,tiempo,KIRCHNER_2003_2007,0.0
2007-03-01_Mensaje_Presidencial_Kirchner.txt,tecnocracia,problema,KIRCHNER_2003_2007,0.7370000000000001
2007-03-01_Mensaje_Presidencial_Kirchner.txt,tecnocracia,autoridad,KIRCHNER_2003_2007,0.0
2007-03-01_Mensaje_Presidencial_Kirchner.txt,tecnocracia,sujeto_enemigo,KIRCHNER_2003_2007,0.0
2007-03-01_Mensaje_Presidencial_Kirchner.txt,tecnocracia,telos,KIRCHNER_2003_2007,0.0
2007-03-01_Mensaje_Presidencial_Kirchner.txt,tecnocracia,sacrificio,KIRCHNER_2003_2007,0.0
2007-03-01_Mensaje_Presidencial_Kirchner.txt,tecnocracia,medios,KIRCHNER_2003_2007,0.536
2007-03-01_Mensaje_Presidencial_Kirchner.txt,tecnocracia,prueba,KIRCHNER_2003_2007,0.536
2007-03-01_Mensaje_Presidencial_Kirchner.txt,mesianismo,tiempo,KIRCHNER_2003_2007,1.25
2007-03-01_Mensaje_Presidencial_Kirchner.txt,mesianismo,problema,KIRCHNER_2003_2007,0.0
2007-03-01_Mensaje_Presidencial_Kirchner.txt,mesianismo,autoridad,KIRCHNER_2003_2007,1.25
2007-03-01_Mensaje_Presidencial_Kirchner.txt,mesianismo,sujeto_enemigo,KIRCHNER_2003_2007,0.0
2007-03-01_Mensaje_Presidencial_Kirchner.txt,mesianismo,telos,KIRCHNER_2003_2007,1.25
2007-03-01_Mensaje_Presidencial_Kirchner.txt,mesianismo,sacrificio,KIRCHNER_2003_2007,0.0
2007-03-01_Mensaje_Presidencial_Kirchner.txt,mesianismo,medios,KIRCHNER_2003_2007,0.0
2007-03-01_Mensaje_Presidencial_Kirchner.txt,mesianismo,prueba,KIRCHNER_2003_2007,0.0
2007-03-01_Mensaje_Presidencial_Kirchner.txt,paternalismo,tiempo,KIRCHNER_2003_2007,0.0
2007-03-01_Mensaje_Presidencial_Kirchner.txt,paternalismo,problema,KIRCHNER_2003_2007,0.0
2007-03-01_Mensaje_Presidencial_Kirchner.txt,paternalismo,autoridad,KIRCHNER_2003_2007,0.0
2007-03-01_Mensaje_Presidencial_Kirchner.txt,paternalismo,sujeto_enemigo,KIRCHNER_2003_2007,0.385
2007-03-01_Mensaje_Presidencial_Kirchner.txt,paternalismo,telos,KIRCHNER_2003_2007,1.25
2007-03-01_Mensaje_Presidencial_Kirchner.txt,paternalismo,sacrificio,KIRCHNER_2003_2007,0.0
2007-03-01_Mensaje_Presidencial_Kirchner.txt,paternalismo,medios,KIRCHNER_2003_2007,0.536
2007-03-01_Mensaje_Presidencial_Kirchner.txt,paternalismo,prueba,KIRCHNER_2003_2007,0.0
2015-12-10_Mensaje_Presidencial_Macri_Asuncixn.txt,tecnocracia,tiempo,MACRI_2015_2019,0.0
2015-12-10_Mensaje_Presidencial_Macri_Asuncixn.txt,tecnocracia,problema,MACRI_2015_2019,0.0
2015-12-10_Mensaje_Presidencial_Macri_Asuncixn.txt,tecnocracia,autoridad,MACRI_2015_2019,0.0
2015-12-10_Mensaje_Presidencial_Macri_Asuncixn.txt,tecnocracia,sujeto_enemigo,MACRI_2015_2019,0.0
2015-12-10_Mensaje_Presidencial_Macri_Asuncixn.txt,tecnocracia,telos,MACRI_2015_2019,0.0
2015-12-10_Mensaje_Presidencial_Macri_Asuncixn.txt,tecnocracia,sacrificio,MACRI_2015_2019,0.0
2015-12-10_Mensaje_Presidencial_Macri_Asuncixn.txt,tecnocracia,medios,MACRI_2015_2019,0.536
2015-12-10_Mensaje_Presidencial_Macri_Asuncixn.txt,tecnocracia,prueba,MACRI_2015_2019,0.0
2015-12-10_Mensaje_Presidencial_Macri_Asuncixn.txt,mesianismo,tiempo,MACRI_2015_2019,0.0
2015-12-10_Mensaje_Presidencial_Macri_Asuncixn.txt,mesianismo,problema,MACRI_2015_2019,0.0
2015-12-10_Mensaje_Presidencial_Macri_Asuncixn.txt,mesianismo,autoridad,MACRI_2015_2019,0.0
2015-12-10_Mensaje_Presidencial_Macri_Asuncixn.txt,mesianismo,sujeto_enemigo,MACRI_2015_2019,0.0
2015-12-10_Mensaje_Presidencial_Macri_Asuncixn.txt,mesianismo,telos,MACRI_2015_2019,0.0
2015-12-10_Mensaje_Presidencial_Macri_Asuncixn.txt,mesianismo,sacrificio,MACRI_2015_2019,0.0
2015-12-10_Mensaje_Presidencial_Macri_Asuncixn.txt,mesianismo,medios,MACRI_2015_2019,0.0
2015-12-10_Mensaje_Presidencial_Macri_Asuncixn.txt,mesianismo,prueba,MACRI_2015_2019,0.0
2015-12-10_Mensaje_Presidencial_Macri_Asuncixn.txt,paternalismo,tiempo,MACRI_2015_2019,0.0
2015-12-10_Mensaje_Presidencial_Macri_Asuncixn.txt,paternalismo,problema,MACRI_2015_2019,0.0
2015-12-10_Mensaje_Presidencial_Macri_Asuncixn.txt,paternalismo,autoridad,MACRI_2015_2019,0.0
2015-12-10_Mensaje_Presidencial_Macri_Asuncixn.txt,paternalismo,sujeto_enemigo,MACRI_2015_2019,0.0
2015-12-10_Mensaje_Presidencial_Macri_Asuncixn.txt,paternalismo,telos,MACRI_2015_2019,1.25
2015-12-10_Mensaje_Presidencial_Macri_Asuncixn.txt,paternalismo,sacrificio,MACRI_2015_2019,0.0
2015-12-10_Mensaje_Presidencial_Macri_Asuncixn.txt,paternalismo,medios,MACRI_2015_2019,0.536
2015-12-10_Mensaje_Presidencial_Macri_Asuncixn.txt,paternalismo,prueba,MACRI_2015_2019,0.0
2016-03-01_Asamblea_Legislativa-Macri.txt,tecnocracia,tiempo,MACRI_2015_2019,0.0
2016-03-01_Asamblea_Legislativa-Macri.txt,tecnocracia,problema,MACRI_2015_2019,0.7370000000000001
2016-03-01_Asamblea_Legislativa-Macri.txt,tecnocracia,autoridad,MACRI_2015_2019,0.0
2016-03-01_Asamblea_Legislativa-Macri.txt,tecnocracia,sujeto_enemigo,MACRI_2015_2019,0.0
2016-03-01_Asamblea_Legislativa-Macri.txt,tecnocracia,telos,MACRI_2015_2019,0.0
2016-03-01_Asamblea_Legislativa-Macri.txt,tecnocracia,sacrificio,MACRI_2015_2019,0.0
2016-03-01_Asamblea_Legislativa-Macri.txt,tecnocracia,medios,MACRI_2015_2019,0.536
2016-03-01_Asamblea_Legislativa-Macri.txt,tecnocracia,prueba,MACRI_2015_2019,0.536
2016-03-01_Asamblea_Legislativa-Macri.txt,mesianismo,tiempo,MACRI_2015_2019,0.0
2016-03-01_Asamblea_Legislativa-Macri.txt,mesianismo,problema,MACRI_2015_2019,0.0
2016-03-01_Asamblea_Legislativa-Macri.txt,mesianismo,autoridad,MACRI_2015_2019,0.0
2016-03-01_Asamblea_Legislativa-Macri.txt,mesianismo,sujeto_enemigo,MACRI_2015_2019,0.0
2016-03-01_Asamblea_Legislativa-Macri.txt,mesianismo,telos,MACRI_2015_2019,0.0
2016-03-01_Asamblea_Legislativa-Macri.txt,mesianismo,sacrificio,MACRI_2015_2019,0.0
2016-03-01_Asamblea_Legislativa-Macri.txt,mesianismo,medios,MACRI_2015_2019,0.0
2016-03-01_Asamblea_Legislativa-Macri.txt,mesianismo,prueba,MACRI_2015_2019,0.0
2016-03-01_Asamblea_Legislativa-Macri.txt,paternalismo,tiempo,MACRI_2015_2019,0.0
2016-03-01_Asamblea_Legislativa-Macri.txt,paternalismo,problema,MACRI_2015_2019,0.0
2016-03-01_Asamblea_Legislativa-Macri.txt,paternalismo,autoridad,MACRI_2015_2019,0.0
2016-03-01_Asamblea_Legislativa-Macri.txt,paternalismo,sujeto_enemigo,MACRI_2015_2019,0.0
2016-03-01_Asamblea_Legislativa-Macri.txt,paternalismo,telos,MACRI_2015_2019,0.0
2016-03-01_Asamblea_Legislativa-Macri.txt,paternalismo,sacrificio,MACRI_2015_2019,0.0
2016-03-01_Asamblea_Legislativa-Macri.txt,paternalismo,medios,MACRI_2015_2019,0.536
2016-03-01_Asamblea_Legislativa-Macri.txt,paternalismo,prueba,MACRI_2015_2019,0.0
2017-03-01-Asamblea-Legislativa-Macri.txt,tecnocracia,tiempo,MACRI_2015_2019,0.0
2017-03-01-Asamblea-Legislativa-Macri.txt,tecnocracia,problema,MACRI_2015_2019,0.0
2017-03-01-Asamblea-Legislativa-Macri.txt,tecnocracia,autoridad,MACRI_2015_2019,0.0
2017-03-01-Asamblea-Legislativa-Macri.txt,tecnocracia,sujeto_enemigo,MACRI_2015_2019,0.0
2017-03-01-Asamblea-Legislativa-Macri.txt,tecnocracia,telos,MACRI_2015_2019,0.0
2017-03-01-Asamblea-Legislativa-Macri.txt,tecnocracia,sacrificio,MACRI_2015_2019,0.0
2017-03-01-Asamblea-Legislativa-Macri.txt,tecnocracia,medios,MACRI_2015_2019,0.536
2017-03-01-Asamblea-Legislativa-Macri.txt,tecnocracia,prueba,MACRI_2015_2019,0.536
2017-03-01-Asamblea-Legislativa-Macri.txt,mesianismo,tiempo,MACRI_2015_2019,0.0
2017-03-01-Asamblea-Legislativa-Macri.txt,mesianismo,problema,MACRI_2015_2019,0.0
2017-03-01-Asamblea-Legislativa-Macri.txt,mesianismo,autoridad,MACRI_2015_2019,0.0
2017-03-01-Asamblea-Legislativa-Macri.txt,mesianismo,sujeto_enemigo,MACRI_2015_2019,0.0
2017-03-01-Asamblea-Legislativa-Macri.txt,mesianismo,telos,MACRI_2015_2019,0.0
2017-03-01-Asamblea-Legislativa-Macri.txt,mesianismo,sacrificio,MACRI_2015_2019,0.0
2017-03-01-Asamblea-Legislativa-Macri.txt,mesianismo,medios,MACRI_2015_2019,0.0
2017-03-01-Asamblea-Legislativa-Macri.txt,mesianismo,prueba,MACRI_2015_2019,0.0
2017-03-01-Asamblea-Legislativa-Macri.txt,paternalismo,tiempo,MACRI_2015_2019,0.0
2017-03-01-Asamblea-Legislativa-Macri.txt,paternalismo,problema,MACRI_2015_2019,0.0
2017-03-01-Asamblea-Legislativa-Macri.txt,paternalismo,autoridad,MACRI_2015_2019,0.0
2017-03-01-Asamblea-Legislativa-Macri.txt,paternalismo,sujeto_enemigo,MACRI_2015_2019,0.385
2017-03-01-Asamblea-Legislativa-Macri.txt,paternalismo,telos,MACRI_2015_2019,0.0
2017-03-01-Asamblea-Legislativa-Macri.txt,paternalismo,sacrificio,MACRI_2015_2019,0.0
2017-03-01-Asamblea-Legislativa-Macri.txt,paternalismo,medios,MACRI_2015_2019,0.536
2017-03-01-Asamblea-Legislativa-Macri.txt,paternalismo,prueba,MACRI_2015_2019,0.0
01.03.2018As.txt,tecnocracia,tiempo,MACRI_2015_2019,0.0
01.03.2018As.txt,tecnocracia,problema,MACRI_2015_2019,0.7370000000000001
01.03.2018As.txt,tecnocracia,autoridad,MACRI_2015_2019,0.0
01.03.2018As.txt,tecnocracia,sujeto_enemigo,MACRI_2015_2019,0.0
01.03.2018As.txt,tecnocracia,telos,MACRI_2015_2019,0.0
01.03.2018As.txt,tecnocracia,sacrificio,MACRI_2015_2019,0.0
01.03.2018As.txt,tecnocracia,medios,MACRI_2015_2019,0.536
01.03.2018As.txt,tecnocracia,prueba,MACRI_2015_2019,0.0
01.03.2018As.txt,mesianismo,tiempo,MACRI_2015_2019,0.0
01.03.2018As.txt,mesianismo,problema,MACRI_2015_2019,0.0
01.03.2018As.txt,mesianismo,autoridad,MACRI_2015_2019,0.0
01.03.2018As.txt,mesianismo,sujeto_enemigo,MACRI_2015_2019,0.0
01.03.2018As.txt,mesianismo,telos,MACRI_2015_2019,0.0
01.03.2018As.txt,mesianismo,sacrificio,MACRI_2015_2019,0.0
01.03.2018As.txt,mesianismo,medios,MACRI_2015_2019,0.0
01.03.2018As.txt,mesianismo,prueba,MACRI_2015_2019,0.0
01.03.2018As.txt,paternalismo,tiempo,MACRI_2015_2019,0.0
01.03.2018As.txt,paternalismo,problema,MACRI_2015_2019,0.0
01.03.2018As.txt,paternalismo,autoridad,MACRI_2015_2019,0.0
01.03.2018As.txt,paternalismo,sujeto_enemigo,MACRI_2015_2019,0.21175000000000002
01.03.2018As.txt,paternalismo,telos,MACRI_2015_2019,0.0
01.03.2018As.txt,paternalismo,sacrificio,MACRI_2015_2019,0.0
01.03.2018As.txt,paternalismo,medios,MACRI_2015_2019,0.0
01.03.2018As.txt,paternalismo,prueba,MACRI_2015_2019,0.0
VT-01-03-2019-AS-00.txt,tecnocracia,tiempo,MACRI_2015_2019,0.0
VT-01-03-2019-AS-00.txt,tecnocracia,problema,MACRI_2015_2019,0.7370000000000001
VT-01-03-2019-AS-00.txt,tecnocracia,autoridad,MACRI_2015_2019,0.0
VT-01-03-2019-AS-00.txt,tecnocracia,sujeto_enemigo,MACRI_2015_2019,0.0
VT-01-03-2019-AS-00.txt,tecnocracia,telos,MACRI_2015_2019,0.0
VT-01-03-2019-AS-00.txt,tecnocracia,sacrificio,MACRI_2015_2019,0.0
VT-01-03-2019-AS-00.txt,tecnocracia,medios,MACRI_2015_2019,0.0
VT-01-03-2019-AS-00.txt,tecnocracia,prueba,MACRI_2015_2019,0.536
VT-01-03-2019-AS-00.txt,mesianismo,tiempo,MACRI_2015_2019,1.25
VT-01-03-2019-AS-00.txt,mesianismo,problema,MACRI_2015_2019,0.0
VT-01-03-2019-AS-00.txt,mesianismo,autoridad,MACRI_2015_2019,0.0
VT-01-03-2019-AS-00.txt,mesianismo,sujeto_enemigo,MACRI_2015_2019,0.0
VT-01-03-2019-AS-00.txt,mesianismo,telos,MACRI_2015_2019,0.0
VT-01-03-2019-AS-00.txt,mesianismo,sacrificio,MACRI_2015_2019,0.0
VT-01-03-2019-AS-00.txt,mesianismo,medios,MACRI_2015_2019,0.0
VT-01-03-2019-AS-00.txt,mesianismo,prueba,MACRI_2015_2019,0.0
VT-01-03-2019-AS-00.txt,paternalismo,tiempo,MACRI_2015_2019,0.0
VT-01-03-2019-AS-00.txt,paternalismo,problema,MACRI_2015_2019,0.0
VT-01-03-2019-AS-00.txt,paternalismo,autoridad,MACRI_2015_2019,0.0
VT-01-03-2019-AS-00.txt,paternalismo,sujeto_enemigo,MACRI_2015_2019,0.0
VT-01-03-2019-AS-00.txt,paternalismo,telos,MACRI_2015_2019,1.25
VT-01-03-2019-AS-00.txt,paternalismo,sacrificio,MACRI_2015_2019,0.0
VT-01-03-2019-AS-00.txt,paternalismo,medios,MACRI_2015_2019,0.0
VT-01-03-2019-AS-00.txt,paternalismo,prueba,MACRI_2015_2019,0.0
1995-07-08_Mensaje_Presidencial_Menem_Asuncixn.txt,tecnocracia,tiempo,MENEM_II_1995_1999,0.0
1995-07-08_Mensaje_Presidencial_Menem_Asuncixn.txt,tecnocracia,problema,MENEM_II_1995_1999,0.0
1995-07-08_Mensaje_Presidencial_Menem_Asuncixn.txt,tecnocracia,autoridad,MENEM_II_1995_1999,0.0
1995-07-08_Mensaje_Presidencial_Menem_Asuncixn.txt,tecnocracia,sujeto_enemigo,MENEM_II_1995_1999,0.0
1995-07-08_Mensaje_Presidencial_Menem_Asuncixn.txt,tecnocracia,telos,MENEM_II_1995_1999,0.0
1995-07-08_Mensaje_Presidencial_Menem_Asuncixn.txt,tecnocracia,sacrificio,MENEM_II_1995_1999,0.0
1995-07-08_Mensaje_Presidencial_Menem_Asuncixn.txt,tecnocracia,medios,MENEM_II_1995_1999,0.536
1995-07-08_Mensaje_Presidencial_Menem_Asuncixn.txt,tecnocracia,prueba,MENEM_II_1995_1999,0.0
1995-07-08_Mensaje_Presidencial_Menem_Asuncixn.txt,mesianismo,tiempo,MENEM_II_1995_1999,0.0
1995-07-08_Mensaje_Presidencial_Menem_Asuncixn.txt,mesianismo,problema,MENEM_II_1995_1999,0.0
1995-07-08_Mensaje_Presidencial_Menem_Asuncixn.txt,mesianismo,autoridad,MENEM_II_1995_1999,0.0
1995-07-08_Mensaje_Presidencial_Menem_Asuncixn.txt,mesianismo,sujeto_enemigo,MENEM_II_1995_1999,0.0
1995-07-08_Mensaje_Presidencial_Menem_Asuncixn.txt,mesianismo,telos,MENEM_II_1995_1999,0.0
1995-07-08_Mensaje_Presidencial_Menem_Asuncixn.txt,mesianismo,sacrificio,MENEM_II_1995_1999,0.0
1995-07-08_Mensaje_Presidencial_Menem_Asuncixn.txt,mesianismo,medios,MENEM_II_1995_1999,0.0
1995-07-08_Mensaje_Presidencial_Menem_Asuncixn.txt,mesianismo,prueba,MENEM_II_1995_1999,0.0
1995-07-08_Mensaje_Presidencial_Menem_Asuncixn.txt,paternalismo,tiempo,MENEM_II_1995_1999,0.0
1995-07-08_Mensaje_Presidencial_Menem_Asuncixn.txt,paternalismo,problema,MENEM_II_1995_1999,0.0
1995-07-08_Mensaje_Presidencial_Menem_Asuncixn.txt,paternalismo,autoridad,MENEM_II_1995_1999,0.0
1995-07-08_Mensaje_Presidencial_Menem_Asuncixn.txt,paternalismo,sujeto_enemigo,MENEM_II_1995_1999,0.0
1995-07-08_Mensaje_Presidencial_Menem_Asuncixn.txt,paternalismo,telos,MENEM_II_1995_1999,1.25
1995-07-08_Mensaje_Presidencial_Menem_Asuncixn.txt,paternalismo,sacrificio,MENEM_II_1995_1999,0.0
1995-07-08_Mensaje_Presidencial_Menem_Asuncixn.txt,paternalismo,medios,MENEM_II_1995_1999,0.0
1995-07-08_Mensaje_Presidencial_Menem_Asuncixn.txt,paternalismo,prueba,MENEM_II_1995_1999,0.0
MENSAJE PRESIDENCIAL 1996.txt,tecnocracia,tiempo,MENEM_II_1995_1999,0.0
MENSAJE PRESIDENCIAL 1996.txt,tecnocracia,problema,MENEM_II_1995_1999,0.0
MENSAJE PRESIDENCIAL 1996.txt,tecnocracia,autoridad,MENEM_II_1995_1999,0.0
MENSAJE PRESIDENCIAL 1996.txt,tecnocracia,sujeto_enemigo,MENEM_II_1995_1999,0.0
MENSAJE PRESIDENCIAL 1996.txt,tecnocracia,telos,MENEM_II_1995_1999,0.0
MENSAJE PRESIDENCIAL 1996.txt,tecnocracia,sacrificio,MENEM_II_1995_1999,0.0
MENSAJE PRESIDENCIAL 1996.txt,tecnocracia,medios,MENEM_II_1995_1999,0.0
MENSAJE PRESIDENCIAL 1996.txt,tecnocracia,prueba,MENEM_II_1995_1999,0.0
MENSAJE PRESIDENCIAL 1996.txt,mesianismo,tiempo,MENEM_II_1995_1999,0.0
MENSAJE PRESIDENCIAL 1996.txt,mesianismo,problema,MENEM_II_1995_1999,0.0
MENSAJE PRESIDENCIAL 1996.txt,mesianismo,autoridad,MENEM_II_1995_1999,0.0
MENSAJE PRESIDENCIAL 1996.txt,mesianismo,sujeto_enemigo,MENEM_II_1995_1999,0.0
MENSAJE PRESIDENCIAL 1996.txt,mesianismo,telos,MENEM_II_1995_1999,0.0
MENSAJE PRESIDENCIAL 1996.txt,mesianismo,sacrificio,MENEM_II_1995_1999,0.0
MENSAJE PRESIDENCIAL 1996.txt,mesianismo,medios,MENEM_II_1995_1999,0.0
MENSAJE PRESIDENCIAL 1996.txt,mesianismo,prueba,MENEM_II_1995_1999,0.0
MENSAJE PRESIDENCIAL 1996.txt,paternalismo,tiempo,MENEM_II_1995_1999,0.0
MENSAJE PRESIDENCIAL 1996.txt,paternalismo,problema,MENEM_II_1995_1999,0.0
MENSAJE PRESIDENCIAL 1996.txt,paternalismo,autoridad,MENEM_II_1995_1999,0.0
MENSAJE PRESIDENCIAL 1996.txt,paternalismo,sujeto_enemigo,MENEM_II_1995_1999,1.1
MENSAJE PRESIDENCIAL 1996.txt,paternalismo,telos,MENEM_II_1995_1999,1.25
MENSAJE PRESIDENCIAL 1996.txt,paternalismo,sacrificio,MENEM_II_1995_1999,0.0
MENSAJE PRESIDENCIAL 1996.txt,paternalismo,medios,MENEM_II_1995_1999,0.0
MENSAJE PRESIDENCIAL 1996.txt,paternalismo,prueba,MENEM_II_1995_1999,0.0
MENSAJE PRESIDENCIAL 1997.txt,tecnocracia,tiempo,MENEM_II_1995_1999,0.0
MENSAJE PRESIDENCIAL 1997.txt,tecnocracia,problema,MENEM_II_1995_1999,0.0
MENSAJE PRESIDENCIAL 1997.txt,tecnocracia,autoridad,MENEM_II_1995_1999,0.0
MENSAJE PRESIDENCIAL 1997.txt,tecnocracia,sujeto_enemigo,MENEM_II_1995_1999,0.0
MENSAJE PRESIDENCIAL 1997.txt,tecnocracia,telos,MENEM_II_1995_1999,0.0
MENSAJE PRESIDENCIAL 1997.txt,tecnocracia,sacrificio,MENEM_II_1995_1999,0.0
MENSAJE PRESIDENCIAL 1997.txt,tecnocracia,medios,MENEM_II_1995_1999,0.536
MENSAJE PRESIDENCIAL 1997.txt,tecnocracia,prueba,MENEM_II_1995_1999,0.536
MENSAJE PRESIDENCIAL 1997.txt,mesianismo,tiempo,MENEM_II_1995_1999,0.0
MENSAJE PRESIDENCIAL 1997.txt,mesianismo,problema,MENEM_II_1995_1999,0.0
MENSAJE PRESIDENCIAL 1997.txt,mesianismo,autoridad,MENEM_II_1995_1999,0.0
MENSAJE PRESIDENCIAL 1997.txt,mesianismo,sujeto_enemigo,MENEM_II_1995_1999,0.0
MENSAJE PRESIDENCIAL 1997.txt,mesianismo,telos,MENEM_II_1995_1999,0.0
MENSAJE PRESIDENCIAL 1997.txt,mesianismo,sacrificio,MENEM_II_1995_1999,0.0
MENSAJE PRESIDENCIAL 1997.txt,mesianismo,medios,MENEM_II_1995_1999,0.0
MENSAJE PRESIDENCIAL 1997.txt,mesianismo,prueba,MENEM_II_1995_1999,0.0
MENSAJE PRESIDENCIAL 1997.txt,paternalismo,tiempo,MENEM_II_1995_1999,0.0
MENSAJE PRESIDENCIAL 1997.txt,paternalismo,problema,MENEM_II_1995_1999,0.0
MENSAJE PRESIDENCIAL 1997.txt,paternalismo,autoridad,MENEM_II_1995_1999,0.0
MENSAJE PRESIDENCIAL 1997.txt,paternalismo,sujeto_enemigo,MENEM_II_1995_1999,1.1
MENSAJE PRESIDENCIAL 1997.txt,paternalismo,telos,MENEM_II_1995_1999,1.25
MENSAJE PRESIDENCIAL 1997.txt,paternalismo,sacrificio,MENEM_II_1995_1999,0.0
MENSAJE PRESIDENCIAL 1997.txt,paternalismo,medios,MENEM_II_1995_1999,0.536
MENSAJE PRESIDENCIAL 1997.txt,paternalismo,prueba,MENEM_II_1995_1999,0.0
1998-03-01_Mensaje_Presidencial_Menem.txt,tecnocracia,tiempo,MENEM_II_1995_1999,0.0
1998-03-01_Mensaje_Presidencial_Menem.txt,tecnocracia,problema,MENEM_II_1995_1999,0.0
1998-03-01_Mensaje_Presidencial_Menem.txt,tecnocracia,autoridad,MENEM_II_1995_1999,0.0
1998-03-01_Mensaje_Presidencial_Menem.txt,tecnocracia,sujeto_enemigo,MENEM_II_1995_1999,0.0
1998-03-01_Mensaje_Presidencial_Menem.txt,tecnocracia,telos,MENEM_II_1995_1999,0.0
1998-03-01_Mensaje_Presidencial_Menem.txt,tecnocracia,sacrificio,MENEM_II_1995_1999,0.0
1998-03-01_Mensaje_Presidencial_Menem.txt,tecnocracia,medios,MENEM_II_1995_1999,0.536
1998-03-01_Mensaje_Presidencial_Menem.txt,tecnocracia,prueba,MENEM_II_1995_1999,0.536
1998-03-01_Mensaje_Presidencial_Menem.txt,mesianismo,tiempo,MENEM_II_1995_1999,0.0
1998-03-01_Mensaje_Presidencial_Menem.txt,mesianismo,problema,MENEM_II_1995_1999,0.0
1998-03-01_Mensaje_Presidencial_Menem.txt,mesianismo,autoridad,MENEM_II_1995_1999,1.25
1998-03-01_Mensaje_Presidencial_Menem.txt,mesianismo,sujeto_enemigo,MENEM_II_1995_1999,0.0
1998-03-01_Mensaje_Presidencial_Menem.txt,mesianismo,telos,MENEM_II_1995_1999,0.0
1998-03-01_Mensaje_Presidencial_Menem.txt,mesianismo,sacrificio,MENEM_II_1995_1999,0.0
1998-03-01_Mensaje_Presidencial_Menem.txt,mesianismo,medios,MENEM_II_1995_1999,0.0
1998-03-01_Mensaje_Presidencial_Menem.txt,mesianismo,prueba,MENEM_II_1995_1999,0.0
1998-03-01_Mensaje_Presidencial_Menem.txt,paternalismo,tiempo,MENEM_II_1995_1999,0.0
1998-03-01_Mensaje_Presidencial_Menem.txt,paternalismo,problema,MENEM_II_1995_1999,0.0
1998-03-01_Mensaje_Presidencial_Menem.txt,paternalismo,autoridad,MENEM_II_1995_1999,0.0
1998-03-01_Mensaje_Presidencial_Menem.txt,paternalismo,sujeto_enemigo,MENEM_II_1995_1999,0.0
1998-03-01_Mensaje_Presidencial_Menem.txt,paternalismo,telos,MENEM_II_1995_1999,1.25
1998-03-01_Mensaje_Presidencial_Menem.txt,paternalismo,sacrificio,MENEM_II_1995_1999,0.0
1998-03-01_Mensaje_Presidencial_Menem.txt,paternalismo,medios,MENEM_II_1995_1999,0.536
1998-03-01_Mensaje_Presidencial_Menem.txt,paternalismo,prueba,MENEM_II_1995_1999,0.0
1999-03-01_Mensaje_Presidencial_Menem.txt,tecnocracia,tiempo,MENEM_II_1995_1999,0.0
1999-03-01_Mensaje_Presidencial_Menem.txt,tecnocracia,problema,MENEM_II_1995_1999,0.7370000000000001
1999-03-01_Mensaje_Presidencial_Menem.txt,tecnocracia,autoridad,MENEM_II_1995_1999,0.0
1999-03-01_Mensaje_Presidencial_Menem.txt,tecnocracia,sujeto_enemigo,MENEM_II_1995_1999,0.0
1999-03-01_Mensaje_Presidencial_Menem.txt,tecnocracia,telos,MENEM_II_1995_1999,0.0
1999-03-01_Mensaje_Presidencial_Menem.txt,tecnocracia,sacrificio,MENEM_II_1995_1999,0.0
1999-03-01_Mensaje_Presidencial_Menem.txt,tecnocracia,medios,MENEM_II_1995_1999,0.536
1999-03-01_Mensaje_Presidencial_Menem.txt,tecnocracia,prueba,MENEM_II_1995_1999,0.0
1999-03-01_Mensaje_Presidencial_Menem.txt,mesianismo,tiempo,MENEM_II_1995_1999,1.25
1999-03-01_Mensaje_Presidencial_Menem.txt,mesianismo,problema,MENEM_II_1995_1999,0.0
1999-03-01_Mensaje_Presidencial_Menem.txt,mesianismo,autoridad,MENEM_II_1995_1999,0.0
1999-03-01_Mensaje_Presidencial_Menem.txt,mesianismo,sujeto_enemigo,MENEM_II_1995_1999,0.0
1999-03-01_Mensaje_Presidencial_Menem.txt,mesianismo,telos,MENEM_II_1995_1999,0.0
1999-03-01_Mensaje_Presidencial_Menem.txt,mesianismo,sacrificio,MENEM_II_1995_1999,0.0
1999-03-01_Mensaje_Presidencial_Menem.txt,mesianismo,medios,MENEM_II_1995_1999,0.0
1999-03-01_Mensaje_Presidencial_Menem.txt,mesianismo,prueba,MENEM_II_1995_1999,0.0
1999-03-01_Mensaje_Presidencial_Menem.txt,paternalismo,tiempo,MENEM_II_1995_1999,0.0
1999-03-01_Mensaje_Presidencial_Menem.txt,paternalismo,problema,MENEM_II_1995_1999,0.0
1999-03-01_Mensaje_Presidencial_Menem.txt,paternalismo,autoridad,MENEM_II_1995_1999,0.0
1999-03-01_Mensaje_Presidencial_Menem.txt,paternalismo,sujeto_enemigo,MENEM_II_1995_1999,0.0
1999-03-01_Mensaje_Presidencial_Menem.txt,paternalismo,telos,MENEM_II_1995_1999,1.25
1999-03-01_Mensaje_Presidencial_Menem.txt,paternalismo,sacrificio,MENEM_II_1995_1999,0.0
1999-03-01_Mensaje_Presidencial_Menem.txt,paternalismo,medios,MENEM_II_1995_1999,0.536
1999-03-01_Mensaje_Presidencial_Menem.txt,paternalismo,prueba,MENEM_II_1995_1999,0.0
MENSAJE PRESIDENCIAL 1990.txt,tecnocracia,tiempo,MENEM_I_1989_1995,0.0
MENSAJE PRESIDENCIAL 1990.txt,tecnocracia,problema,MENEM_I_1989_1995,0.0
MENSAJE PRESIDENCIAL 1990.txt,tecnocracia,autoridad,MENEM_I_1989_1995,0.0
MENSAJE PRESIDENCIAL 1990.txt,tecnocracia,sujeto_enemigo,MENEM_I_1989_1995,0.0
MENSAJE PRESIDENCIAL 1990.txt,tecnocracia,telos,MENEM_I_1989_1995,0.0
MENSAJE PRESIDENCIAL 1990.txt,tecnocracia,sacrificio,MENEM_I_1989_1995,0.0
MENSAJE PRESIDENCIAL 1990.txt,tecnocracia,medios,MENEM_I_1989_1995,0.536
MENSAJE PRESIDENCIAL 1990.txt,tecnocracia,prueba,MENEM_I_1989_1995,0.0
MENSAJE PRESIDENCIAL 1990.txt,mesianismo,tiempo,MENEM_I_1989_1995,0.0
MENSAJE PRESIDENCIAL 1990.txt,mesianismo,problema,MENEM_I_1989_1995,0.0
MENSAJE PRESIDENCIAL 1990.txt,mesianismo,autoridad,MENEM_I_1989_1995,0.0
MENSAJE PRESIDENCIAL 1990.txt,mesianismo,sujeto_enemigo,MENEM_I_1989_1995,1.1
MENSAJE PRESIDENCIAL 1990.txt,mesianismo,telos,MENEM_I_1989_1995,0.0
MENSAJE PRESIDENCIAL 1990.txt,mesianismo,sacrificio,MENEM_I_1989_1995,0.0
MENSAJE PRESIDENCIAL 1990.txt,mesianismo,medios,MENEM_I_1989_1995,0.0
MENSAJE PRESIDENCIAL 1990.txt,mesianismo,prueba,MENEM_I_1989_1995,0.0
MENSAJE PRESIDENCIAL 1990.txt,paternalismo,tiempo,MENEM_I_1989_1995,0.0
MENSAJE PRESIDENCIAL 1990.txt,paternalismo,problema,MENEM_I_1989_1995,0.0
MENSAJE PRESIDENCIAL 1990.txt,paternalismo,autoridad,MENEM_I_1989_1995,0.0
MENSAJE PRESIDENCIAL 1990.txt,paternalismo,sujeto_enemigo,MENEM_I_1989_1995,0.385
MENSAJE PRESIDENCIAL 1990.txt,paternalismo,telos,MENEM_I_1989_1995,1.25
MENSAJE PRESIDENCIAL 1990.txt,paternalismo,sacrificio,MENEM_I_1989_1995,0.0
MENSAJE PRESIDENCIAL 1990.txt,paternalismo,medios,MENEM_I_1989_1995,0.536
MENSAJE PRESIDENCIAL 1990.txt,paternalismo,prueba,MENEM_I_1989_1995,0.0
MENSAJE PRESIDENCIAL 1991.txt,tecnocracia,tiempo,MENEM_I_1989_1995,0.0
MENSAJE PRESIDENCIAL 1991.txt,tecnocracia,problema,MENEM_I_1989_1995,0.0
MENSAJE PRESIDENCIAL 1991.txt,tecnocracia,autoridad,MENEM_I_1989_1995,0.0
MENSAJE PRESIDENCIAL 1991.txt,tecnocracia,sujeto_enemigo,MENEM_I_1989_1995,0.0
MENSAJE PRESIDENCIAL 1991.txt,tecnocracia,telos,MENEM_I_1989_1995,0.0
MENSAJE PRESIDENCIAL 1991.txt,tecnocracia,sacrificio,MENEM_I_1989_1995,0.0
MENSAJE PRESIDENCIAL 1991.txt,tecnocracia,medios,MENEM_I_1989_1995,0.536
MENSAJE PRESIDENCIAL 1991.txt,tecnocracia,prueba,MENEM_I_1989_1995,0.0
MENSAJE PRESIDENCIAL 1991.txt,mesianismo,tiempo,MENEM_I_1989_1995,0.0
MENSAJE PRESIDENCIAL 1991.txt,mesianismo,problema,MENEM_I_1989_1995,0.0
MENSAJE PRESIDENCIAL 1991.txt,mesianismo,autoridad,MENEM_I_1989_1995,0.0
MENSAJE PRESIDENCIAL 1991.txt,mesianismo,sujeto_enemigo,MENEM_I_1989_1995,0.0
MENSAJE PRESIDENCIAL 1991.txt,mesianismo,telos,MENEM_I_1989_1995,0.0
MENSAJE PRESIDENCIAL 1991.txt,mesianismo,sacrificio,MENEM_I_1989_1995,0.0
MENSAJE PRESIDENCIAL 1991.txt,mesianismo,medios,MENEM_I_1989_1995,0.0
MENSAJE PRESIDENCIAL 1991.txt,mesianismo,prueba,MENEM_I_1989_1995,0.0
MENSAJE PRESIDENCIAL 1991.txt,paternalismo,tiempo,MENEM_I_1989_1995,0.0
MENSAJE PRESIDENCIAL 1991.txt,paternalismo,problema,MENEM_I_1989_1995,0.0
MENSAJE PRESIDENCIAL 1991.txt,paternalismo,autoridad,MENEM_I_1989_1995,0.0
MENSAJE PRESIDENCIAL 1991.txt,paternalismo,sujeto_enemigo,MENEM_I_1989_1995,0.0
MENSAJE PRESIDENCIAL 1991.txt,paternalismo,telos,MENEM_I_1989_1995,1.25
MENSAJE PRESIDENCIAL 1991.txt,paternalismo,sacrificio,MENEM_I_1989_1995,0.0
MENSAJE PRESIDENCIAL 1991.txt,paternalismo,medios,MENEM_I_1989_1995,0.536
MENSAJE PRESIDENCIAL 1991.txt,paternalismo,prueba,MENEM_I_1989_1995,0.0
MENSAJE PRESIDENCIAL 1992.txt,tecnocracia,tiempo,MENEM_I_1989_1995,0.0
MENSAJE PRESIDENCIAL 1992.txt,tecnocracia,problema,MENEM_I_1989_1995,0.0
MENSAJE PRESIDENCIAL 1992.txt,tecnocracia,autoridad,MENEM_I_1989_1995,0.0
MENSAJE PRESIDENCIAL 1992.txt,tecnocracia,sujeto_enemigo,MENEM_I_1989_1995,0.0
MENSAJE PRESIDENCIAL 1992.txt,tecnocracia,telos,MENEM_I_1989_1995,0.0
MENSAJE PRESIDENCIAL 1992.txt,tecnocracia,sacrificio,MENEM_I_1989_1995,0.0
MENSAJE PRESIDENCIAL 1992.txt,tecnocracia,medios,MENEM_I_1989_1995,0.536
MENSAJE PRESIDENCIAL 1992.txt,tecnocracia,prueba,MENEM_I_1989_1995,0.536
MENSAJE PRESIDENCIAL 1992.txt,mesianismo,tiempo,MENEM_I_1989_1995,1.25
MENSAJE PRESIDENCIAL 1992.txt,mesianismo,problema,MENEM_I_1989_1995,0.0
MENSAJE PRESIDENCIAL 1992.txt,mesianismo,autoridad,MENEM_I_1989_1995,0.0
MENSAJE PRESIDENCIAL 1992.txt,mesianismo,sujeto_enemigo,MENEM_I_1989_1995,1.1
MENSAJE PRESIDENCIAL 1992.txt,mesianismo,telos,MENEM_I_1989_1995,0.0
MENSAJE PRESIDENCIAL 1992.txt,mesianismo,sacrificio,MENEM_I_1989_1995,0.0
MENSAJE PRESIDENCIAL 1992.txt,mesianismo,medios,MENEM_I_1989_1995,0.0
MENSAJE PRESIDENCIAL 1992.txt,mesianismo,prueba,MENEM_I_1989_1995,0.0
MENSAJE PRESIDENCIAL 1992.txt,paternalismo,tiempo,MENEM_I_1989_1995,0.0
MENSAJE PRESIDENCIAL 1992.txt,paternalismo,problema,MENEM_I_1989_1995,0.0
MENSAJE PRESIDENCIAL 1992.txt,paternalismo,autoridad,MENEM_I_1989_1995,0.0
MENSAJE PRESIDENCIAL 1992.txt,paternalismo,sujeto_enemigo,MENEM_I_1989_1995,0.0
MENSAJE PRESIDENCIAL 1992.txt,paternalismo,telos,MENEM_I_1989_1995,1.25
MENSAJE PRESIDENCIAL 1992.txt,paternalismo,sacrificio,MENEM_I_1989_1995,0.0
MENSAJE PRESIDENCIAL 1992.txt,paternalismo,medios,MENEM_I_1989_1995,0.536
MENSAJE PRESIDENCIAL 1992.txt,paternalismo,prueba,MENEM_I_1989_1995,0.0
MENSAJE PRESIDENCIAL 1993.txt,tecnocracia,tiempo,MENEM_I_1989_1995,0.0
MENSAJE PRESIDENCIAL 1993.txt,tecnocracia,problema,MENEM_I_1989_1995,0.0
MENSAJE PRESIDENCIAL 1993.txt,tecnocracia,autoridad,MENEM_I_1989_1995,0.0
MENSAJE PRESIDENCIAL 1993.txt,tecnocracia,sujeto_enemigo,MENEM_I_1989_1995,0.0
MENSAJE PRESIDENCIAL 1993.txt,tecnocracia,telos,MENEM_I_1989_1995,0.0
MENSAJE PRESIDENCIAL 1993.txt,tecnocracia,sacrificio,MENEM_I_1989_1995,0.0
MENSAJE PRESIDENCIAL 1993.txt,tecnocracia,medios,MENEM_I_1989_1995,0.536
MENSAJE PRESIDENCIAL 1993.txt,tecnocracia,prueba,MENEM_I_1989_1995,0.536
MENSAJE PRESIDENCIAL 1993.txt,mesianismo,tiempo,MENEM_I_1989_1995,0.0
MENSAJE PRESIDENCIAL 1993.txt,mesianismo,problema,MENEM_I_1989_1995,0.0
MENSAJE PRESIDENCIAL 1993.txt,mesianismo,autoridad,MENEM_I_1989_1995,0.0
MENSAJE PRESIDENCIAL 1993.txt,mesianismo,sujeto_enemigo,MENEM_I_1989_1995,0.0
MENSAJE PRESIDENCIAL 1993.txt,mesianismo,telos,MENEM_I_1989_1995,0.0
MENSAJE PRESIDENCIAL 1993.txt,mesianismo,sacrificio,MENEM_I_1989_1995,0.0
MENSAJE PRESIDENCIAL 1993.txt,mesianismo,medios,MENEM_I_1989_1995,0.0
MENSAJE PRESIDENCIAL 1993.txt,mesianismo,prueba,MENEM_I_1989_1995,0.0
MENSAJE PRESIDENCIAL 1993.txt,paternalismo,tiempo,MENEM_I_1989_1995,0.0
MENSAJE PRESIDENCIAL 1993.txt,paternalismo,problema,MENEM_I_1989_1995,0.0
MENSAJE PRESIDENCIAL 1993.txt,paternalismo,autoridad,MENEM_I_1989_1995,0.0
MENSAJE PRESIDENCIAL 1993.txt,paternalismo,sujeto_enemigo,MENEM_I_1989_1995,0.0
MENSAJE PRESIDENCIAL 1993.txt,paternalismo,telos,MENEM_I_1989_1995,1.25
MENSAJE PRESIDENCIAL 1993.txt,paternalismo,sacrificio,MENEM_I_1989_1995,0.0
MENSAJE PRESIDENCIAL 1993.txt,paternalismo,medios,MENEM_I_1989_1995,0.536
MENSAJE PRESIDENCIAL 1993.txt,paternalismo,prueba,MENEM_I_1989_1995,0.0
MENSAJE PRESIDENCIAL 1994.txt,tecnocracia,tiempo,MENEM_I_1989_1995,0.0
MENSAJE PRESIDENCIAL 1994.txt,tecnocracia,problema,MENEM_I_1989_1995,0.0
MENSAJE PRESIDENCIAL 1994.txt,tecnocracia,autoridad,MENEM_I_1989_1995,0.0
MENSAJE PRESIDENCIAL 1994.txt,tecnocracia,sujeto_enemigo,MENEM_I_1989_1995,0.0
MENSAJE PRESIDENCIAL 1994.txt,tecnocracia,telos,MENEM_I_1989_1995,0.0
MENSAJE PRESIDENCIAL 1994.txt,tecnocracia,sacrificio,MENEM_I_1989_1995,0.0
MENSAJE PRESIDENCIAL 1994.txt,tecnocracia,medios,MENEM_I_1989_1995,0.536
MENSAJE PRESIDENCIAL 1994.txt,tecnocracia,prueba,MENEM_I_1989_1995,0.536
MENSAJE PRESIDENCIAL 1994.txt,mesianismo,tiempo,MENEM_I_1989_1995,1.25
MENSAJE PRESIDENCIAL 1994.txt,mesianismo,problema,MENEM_I_1989_1995,0.0
MENSAJE PRESIDENCIAL 1994.txt,mesianismo,autoridad,MENEM_I_1989_1995,1.25
MENSAJE PRESIDENCIAL 1994.txt,mesianismo,sujeto_enemigo,MENEM_I_1989_1995,0.0
MENSAJE PRESIDENCIAL 1994.txt,mesianismo,telos,MENEM_I_1989_1995,0.0
MENSAJE PRESIDENCIAL 1994.txt,mesianismo,sacrificio,MENEM_I_1989_1995,0.0
MENSAJE PRESIDENCIAL 1994.txt,mesianismo,medios,MENEM_I_1989_1995,0.0
MENSAJE PRESIDENCIAL 1994.txt,mesianismo,prueba,MENEM_I_1989_1995,0.0
MENSAJE PRESIDENCIAL 1994.txt,paternalismo,tiempo,MENEM_I_1989_1995,0.0
MENSAJE PRESIDENCIAL 1994.txt,paternalismo,problema,MENEM_I_1989_1995,0.0
MENSAJE PRESIDENCIAL 1994.txt,paternalismo,autoridad,MENEM_I_1989_1995,0.0
MENSAJE PRESIDENCIAL 1994.txt,paternalismo,sujeto_enemigo,MENEM_I_1989_1995,0.0
MENSAJE PRESIDENCIAL 1994.txt,paternalismo,telos,MENEM_I_1989_1995,1.25
MENSAJE PRESIDENCIAL 1994.txt,paternalismo,sacrificio,MENEM_I_1989_1995,0.0
MENSAJE PRESIDENCIAL 1994.txt,paternalismo,medios,MENEM_I_1989_1995,0.536
MENSAJE PRESIDENCIAL 1994.txt,paternalismo,prueba,MENEM_I_1989_1995,0.0
MENSAJE PRESIDENCIAL 1995.txt,tecnocracia,tiempo,MENEM_I_1989_1995,0.0
MENSAJE PRESIDENCIAL 1995.txt,tecnocracia,problema,MENEM_I_1989_1995,0.7370000000000001
MENSAJE PRESIDENCIAL 1995.txt,tecnocracia,autoridad,MENEM_I_1989_1995,0.0
MENSAJE PRESIDENCIAL 1995.txt,tecnocracia,sujeto_enemigo,MENEM_I_1989_1995,0.0
MENSAJE PRESIDENCIAL 1995.txt,tecnocracia,telos,MENEM_I_1989_1995,0.0
MENSAJE PRESIDENCIAL 1995.txt,tecnocracia,sacrificio,MENEM_I_1989_1995,0.0
MENSAJE PRESIDENCIAL 1995.txt,tecnocracia,medios,MENEM_I_1989_1995,0.536
MENSAJE PRESIDENCIAL 1995.txt,tecnocracia,prueba,MENEM_I_1989_1995,0.536
MENSAJE PRESIDENCIAL 1995.txt,mesianismo,tiempo,MENEM_I_1989_1995,0.0
MENSAJE PRESIDENCIAL 1995.txt,mesianismo,problema,MENEM_I_1989_1995,0.0
MENSAJE PRESIDENCIAL 1995.txt,mesianismo,autoridad,MENEM_I_1989_1995,0.0
MENSAJE PRESIDENCIAL 1995.txt,mesianismo,sujeto_enemigo,MENEM_I_1989_1995,0.0
MENSAJE PRESIDENCIAL 1995.txt,mesianismo,telos,MENEM_I_1989_1995,0.0
MENSAJE PRESIDENCIAL 1995.txt,mesianismo,sacrificio,MENEM_I_1989_1995,0.0
MENSAJE PRESIDENCIAL 1995.txt,mesianismo,medios,MENEM_I_1989_1995,0.0
MENSAJE PRESIDENCIAL 1995.txt,mesianismo,prueba,MENEM_I_1989_1995,0.0
MENSAJE PRESIDENCIAL 1995.txt,paternalismo,tiempo,MENEM_I_1989_1995,0.0
MENSAJE PRESIDENCIAL 1995.txt,paternalismo,problema,MENEM_I_1989_1995,0.0
MENSAJE PRESIDENCIAL 1995.txt,paternalismo,autoridad,MENEM_I_1989_1995,0.0
MENSAJE PRESIDENCIAL 1995.txt,paternalismo,sujeto_enemigo,MENEM_I_1989_1995,0.0
MENSAJE PRESIDENCIAL 1995.txt,paternalismo,telos,MENEM_I_1989_1995,1.25
MENSAJE PRESIDENCIAL 1995.txt,paternalismo,sacrificio,MENEM_I_1989_1995,0.0
MENSAJE PRESIDENCIAL 1995.txt,paternalismo,medios,MENEM_I_1989_1995,0.15400000000000003
MENSAJE PRESIDENCIAL 1995.txt,paternalismo,prueba,MENEM_I_1989_1995,0.0
2024_Mensaje_Asamblea_Legislativa_Milei.txt,tecnocracia,tiempo,MILEI_2023_PRESENTE,0.0
2024_Mensaje_Asamblea_Legislativa_Milei.txt,tecnocracia,problema,MILEI_2023_PRESENTE,0.7370000000000001
2024_Mensaje_Asamblea_Legislativa_Milei.txt,tecnocracia,autoridad,MILEI_2023_PRESENTE,0.0
2024_Mensaje_Asamblea_Legislativa_Milei.txt,tecnocracia,sujeto_enemigo,MILEI_2023_PRESENTE,0.0
2024_Mensaje_Asamblea_Legislativa_Milei.txt,tecnocracia,telos,MILEI_2023_PRESENTE,0.0
2024_Mensaje_Asamblea_Legislativa_Milei.txt,tecnocracia,sacrificio,MILEI_2023_PRESENTE,0.0
2024_Mensaje_Asamblea_Legislativa_Milei.txt,tecnocracia,medios,MILEI_2023_PRESENTE,0.536
2024_Mensaje_Asamblea_Legislativa_Milei.txt,tecnocracia,prueba,MILEI_2023_PRESENTE,0.536
2024_Mensaje_Asamblea_Legislativa_Milei.txt,mesianismo,tiempo,MILEI_2023_PRESENTE,1.25
2024_Mensaje_Asamblea_Legislativa_Milei.txt,mesianismo,problema,MILEI_2023_PRESENTE,0.0
2024_Mensaje_Asamblea_Legislativa_Milei.txt,mesianismo,autoridad,MILEI_2023_PRESENTE,0.0
2024_Mensaje_Asamblea_Legislativa_Milei.txt,mesianismo,sujeto_enemigo,MILEI_2023_PRESENTE,0.0
2024_Mensaje_Asamblea_Legislativa_Milei.txt,mesianismo,telos,MILEI_2023_PRESENTE,1.25
2024_Mensaje_Asamblea_Legislativa_Milei.txt,mesianismo,sacrificio,MILEI_2023_PRESENTE,0.0
2024_Mensaje_Asamblea_Legislativa_Milei.txt,mesianismo,medios,MILEI_2023_PRESENTE,0.0
2024_Mensaje_Asamblea_Legislativa_Milei.txt,mesianismo,prueba,MILEI_2023_PRESENTE,0.0
2024_Mensaje_Asamblea_Legislativa_Milei.txt,paternalismo,tiempo,MILEI_2023_PRESENTE,0.0
2024_Mensaje_Asamblea_Legislativa_Milei.txt,paternalismo,problema,MILEI_2023_PRESENTE,0.0
2024_Mensaje_Asamblea_Legislativa_Milei.txt,paternalismo,autoridad,MILEI_2023_PRESENTE,0.0
2024_Mensaje_Asamblea_Legislativa_Milei.txt,paternalismo,sujeto_enemigo,MILEI_2023_PRESENTE,0.21175000000000002
2024_Mensaje_Asamblea_Legislativa_Milei.txt,paternalismo,telos,MILEI_2023_PRESENTE,0.0
2024_Mensaje_Asamblea_Legislativa_Milei.txt,paternalismo,sacrificio,MILEI_2023_PRESENTE,0.0
2024_Mensaje_Asamblea_Legislativa_Milei.txt,paternalismo,medios,MILEI_2023_PRESENTE,0.27999999999999997
2024_Mensaje_Asamblea_Legislativa_Milei.txt,paternalismo,prueba,MILEI_2023_PRESENTE,0.0
2025_Mensaje_Asamblea_Legislativa_Milei.txt,tecnocracia,tiempo,MILEI_2023_PRESENTE,0.0
2025_Mensaje_Asamblea_Legislativa_Milei.txt,tecnocracia,problema,MILEI_2023_PRESENTE,0.7370000000000001
2025_Mensaje_Asamblea_Legislativa_Milei.txt,tecnocracia,autoridad,MILEI_2023_PRESENTE,0.0
2025_Mensaje_Asamblea_Legislativa_Milei.txt,tecnocracia,sujeto_enemigo,MILEI_2023_PRESENTE,0.0
2025_Mensaje_Asamblea_Legislativa_Milei.txt,tecnocracia,telos,MILEI_2023_PRESENTE,0.0
2025_Mensaje_Asamblea_Legislativa_Milei.txt,tecnocracia,sacrificio,MILEI_2023_PRESENTE,0.0
2025_Mensaje_Asamblea_Legislativa_Milei.txt,tecnocracia,medios,MILEI_2023_PRESENTE,0.536
2025_Mensaje_Asamblea_Legislativa_Milei.txt,tecnocracia,prueba,MILEI_2023_PRESENTE,0.536
2025_Mensaje_Asamblea_Legislativa_Milei.txt,mesianismo,tiempo,MILEI_2023_PRESENTE,1.25
2025_Mensaje_Asamblea_Legislativa_Milei.txt,mesianismo,problema,MILEI_2023_PRESENTE,0.0
2025_Mensaje_Asamblea_Legislativa_Milei.txt,mesianismo,autoridad,MILEI_2023_PRESENTE,0.0
2025_Mensaje_Asamblea_Legislativa_Milei.txt,mesianismo,sujeto_enemigo,MILEI_2023_PRESENTE,1.1
2025_Mensaje_Asamblea_Legislativa_Milei.txt,mesianismo,telos,MILEI_2023_PRESENTE,0.0
2025_Mensaje_Asamblea_Legislativa_Milei.txt,mesianismo,sacrificio,MILEI_2023_PRESENTE,0.0
2025_Mensaje_Asamblea_Legislativa_Milei.txt,mesianismo,medios,MILEI_2023_PRESENTE,0.0
2025_Mensaje_Asamblea_Legislativa_Milei.txt,mesianismo,prueba,MILEI_2023_PRESENTE,0.0
2025_Mensaje_Asamblea_Legislativa_Milei.txt,paternalismo,tiempo,MILEI_2023_PRESENTE,0.0
2025_Mensaje_Asamblea_Legislativa_Milei.txt,paternalismo,problema,MILEI_2023_PRESENTE,0.0
2025_Mensaje_Asamblea_Legislativa_Milei.txt,paternalismo,autoridad,MILEI_2023_PRESENTE,0.0
2025_Mensaje_Asamblea_Legislativa_Milei.txt,paternalismo,sujeto_enemigo,MILEI_2023_PRESENTE,0.385
2025_Mensaje_Asamblea_Legislativa_Milei.txt,paternalismo,telos,MILEI_2023_PRESENTE,0.0
2025_Mensaje_Asamblea_Legislativa_Milei.txt,paternalismo,sacrificio,MILEI_2023_PRESENTE,0.0
2025_Mensaje_Asamblea_Legislativa_Milei.txt,paternalismo,medios,MILEI_2023_PRESENTE,0.536
2025_Mensaje_Asamblea_Legislativa_Milei.txt,paternalismo,prueba,MILEI_2023_PRESENTE,0.0
2026-Asamblea-Legislativa-Milei.txt,tecnocracia,tiempo,MILEI_2023_PRESENTE,0.0
2026-Asamblea-Legislativa-Milei.txt,tecnocracia,problema,MILEI_2023_PRESENTE,0.7370000000000001
2026-Asamblea-Legislativa-Milei.txt,tecnocracia,autoridad,MILEI_2023_PRESENTE,0.0
2026-Asamblea-Legislativa-Milei.txt,tecnocracia,sujeto_enemigo,MILEI_2023_PRESENTE,0.0
2026-Asamblea-Legislativa-Milei.txt,tecnocracia,telos,MILEI_2023_PRESENTE,0.0
2026-Asamblea-Legislativa-Milei.txt,tecnocracia,sacrificio,MILEI_2023_PRESENTE,0.0
2026-Asamblea-Legislativa-Milei.txt,tecnocracia,medios,MILEI_2023_PRESENTE,0.536
2026-Asamblea-Legislativa-Milei.txt,tecnocracia,prueba,MILEI_2023_PRESENTE,0.536
2026-Asamblea-Legislativa-Milei.txt,mesianismo,tiempo,MILEI_2023_PRESENTE,1.25
2026-Asamblea-Legislativa-Milei.txt,mesianismo,problema,MILEI_2023_PRESENTE,0.0
2026-Asamblea-Legislativa-Milei.txt,mesianismo,autoridad,MILEI_2023_PRESENTE,0.0
2026-Asamblea-Legislativa-Milei.txt,mesianismo,sujeto_enemigo,MILEI_2023_PRESENTE,0.0
2026-Asamblea-Legislativa-Milei.txt,mesianismo,telos,MILEI_2023_PRESENTE,1.25
2026-Asamblea-Legislativa-Milei.txt,mesianismo,sacrificio,MILEI_2023_PRESENTE,0.0
2026-Asamblea-Legislativa-Milei.txt,mesianismo,medios,MILEI_2023_PRESENTE,0.0
2026-Asamblea-Legislativa-Milei.txt,mesianismo,prueba,MILEI_2023_PRESENTE,0.0
2026-Asamblea-Legislativa-Milei.txt,paternalismo,tiempo,MILEI_2023_PRESENTE,0.0
2026-Asamblea-Legislativa-Milei.txt,paternalismo,problema,MILEI_2023_PRESENTE,0.0
2026-Asamblea-Legislativa-Milei.txt,paternalismo,autoridad,MILEI_2023_PRESENTE,0.0
2026-Asamblea-Legislativa-Milei.txt,paternalismo,sujeto_enemigo,MILEI_2023_PRESENTE,0.385
2026-Asamblea-Legislativa-Milei.txt,paternalismo,telos,MILEI_2023_PRESENTE,1.25
2026-Asamblea-Legislativa-Milei.txt,paternalismo,sacrificio,MILEI_2023_PRESENTE,0.0
2026-Asamblea-Legislativa-Milei.txt,paternalismo,medios,MILEI_2023_PRESENTE,0.27999999999999997
2026-Asamblea-Legislativa-Milei.txt,paternalismo,prueba,MILEI_2023_PRESENTE,0.0
2001-12-22_23_Mensaje_Presidencial_Rodrxguez_Sax_Asuncixn.txt,tecnocracia,tiempo,RODRIGUEZ_SAA_2001,0.0
2001-12-22_23_Mensaje_Presidencial_Rodrxguez_Sax_Asuncixn.txt,tecnocracia,problema,RODRIGUEZ_SAA_2001,0.7370000000000001
2001-12-22_23_Mensaje_Presidencial_Rodrxguez_Sax_Asuncixn.txt,tecnocracia,autoridad,RODRIGUEZ_SAA_2001,0.0
2001-12-22_23_Mensaje_Presidencial_Rodrxguez_Sax_Asuncixn.txt,tecnocracia,sujeto_enemigo,RODRIGUEZ_SAA_2001,0.0
2001-12-22_23_Mensaje_Presidencial_Rodrxguez_Sax_Asuncixn.txt,tecnocracia,telos,RODRIGUEZ_SAA_2001,0.0
2001-12-22_23_Mensaje_Presidencial_Rodrxguez_Sax_Asuncixn.txt,tecnocracia,sacrificio,RODRIGUEZ_SAA_2001,0.0
2001-12-22_23_Mensaje_Presidencial_Rodrxguez_Sax_Asuncixn.txt,tecnocracia,medios,RODRIGUEZ_SAA_2001,0.536
2001-12-22_23_Mensaje_Presidencial_Rodrxguez_Sax_Asuncixn.txt,tecnocracia,prueba,RODRIGUEZ_SAA_2001,0.0
2001-12-22_23_Mensaje_Presidencial_Rodrxguez_Sax_Asuncixn.txt,mesianismo,tiempo,RODRIGUEZ_SAA_2001,1.25
2001-12-22_23_Mensaje_Presidencial_Rodrxguez_Sax_Asuncixn.txt,mesianismo,problema,RODRIGUEZ_SAA_2001,0.0
2001-12-22_23_Mensaje_Presidencial_Rodrxguez_Sax_Asuncixn.txt,mesianismo,autoridad,RODRIGUEZ_SAA_2001,0.0
2001-12-22_23_Mensaje_Presidencial_Rodrxguez_Sax_Asuncixn.txt,mesianismo,sujeto_enemigo,RODRIGUEZ_SAA_2001,0.0
2001-12-22_23_Mensaje_Presidencial_Rodrxguez_Sax_Asuncixn.txt,mesianismo,telos,RODRIGUEZ_SAA_2001,0.0
2001-12-22_23_Mensaje_Presidencial_Rodrxguez_Sax_Asuncixn.txt,mesianismo,sacrificio,RODRIGUEZ_SAA_2001,0.0
2001-12-22_23_Mensaje_Presidencial_Rodrxguez_Sax_Asuncixn.txt,mesianismo,medios,RODRIGUEZ_SAA_2001,0.0
2001-12-22_23_Mensaje_Presidencial_Rodrxguez_Sax_Asuncixn.txt,mesianismo,prueba,RODRIGUEZ_SAA_2001,0.0
2001-12-22_23_Mensaje_Presidencial_Rodrxguez_Sax_Asuncixn.txt,paternalismo,tiempo,RODRIGUEZ_SAA_2001,0.0
2001-12-22_23_Mensaje_Presidencial_Rodrxguez_Sax_Asuncixn.txt,paternalismo,problema,RODRIGUEZ_SAA_2001,0.0
2001-12-22_23_Mensaje_Presidencial_Rodrxguez_Sax_Asuncixn.txt,paternalismo,autoridad,RODRIGUEZ_SAA_2001,0.0
2001-12-22_23_Mensaje_Presidencial_Rodrxguez_Sax_Asuncixn.txt,paternalismo,sujeto_enemigo,RODRIGUEZ_SAA_2001,0.0
2001-12-22_23_Mensaje_Presidencial_Rodrxguez_Sax_Asuncixn.txt,paternalismo,telos,RODRIGUEZ_SAA_2001,1.25
2001-12-22_23_Mensaje_Presidencial_Rodrxguez_Sax_Asuncixn.txt,paternalismo,sacrificio,RODRIGUEZ_SAA_2001,0.0
2001-12-22_23_Mensaje_Presidencial_Rodrxguez_Sax_Asuncixn.txt,paternalismo,medios,RODRIGUEZ_SAA_2001,0.536
2001-12-22_23_Mensaje_Presidencial_Rodrxguez_Sax_Asuncixn.txt,paternalismo,prueba,RODRIGUEZ_SAA_2001,0.0
